Month,SKU,Product,Category,Unit_Price_INR,Lead_Time_Days,Safety_Stock_Units,Promotion_Flag,Opening_Stock,Units_Sold,Returns,Stock_Received,Closing_Stock,Sales_Value_INR,Stockout_Flag
01-01-2024,SKU-001,Personal Product 1,Personal Care,1012.71,11,16,0,103,145,1,170,127,146842.95,0
01-02-2024,SKU-001,Personal Product 1,Personal Care,1012.71,11,16,0,236,178,3,211,266,180262.38,0
01-03-2024,SKU-001,Personal Product 1,Personal Care,1012.71,11,16,1,181,229,2,209,159,231910.59,0
01-04-2024,SKU-001,Personal Product 1,Personal Care,1012.71,11,16,0,125,221,3,234,135,223808.91,0
01-05-2024,SKU-001,Personal Product 1,Personal Care,1012.71,11,16,0,229,184,0,210,255,186338.64,0
01-06-2024,SKU-001,Personal Product 1,Personal Care,1012.71,11,16,0,294,205,2,191,278,207605.55,0
01-07-2024,SKU-001,Personal Product 1,Personal Care,1012.71,11,16,0,248,170,2,185,261,172160.7,0
01-08-2024,SKU-001,Personal Product 1,Personal Care,1012.71,11,16,0,174,163,1,183,193,165071.73,0
01-09-2024,SKU-001,Personal Product 1,Personal Care,1012.71,11,16,0,94,216,1,201,78,218745.36,0
01-10-2024,SKU-001,Personal Product 1,Personal Care,1012.71,11,16,0,182,140,3,143,182,141779.4,0
01-11-2024,SKU-001,Personal Product 1,Personal Care,1012.71,11,16,0,215,158,3,183,237,160008.18,0
01-12-2024,SKU-001,Personal Product 1,Personal Care,1012.71,11,16,0,152,167,5,161,141,169122.57,0
01-01-2025,SKU-001,Personal Product 1,Personal Care,1012.71,11,16,0,214,140,1,140,213,141779.4,0
01-02-2025,SKU-001,Personal Product 1,Personal Care,1012.71,11,16,0,166,219,5,229,171,221783.49,0
01-03-2025,SKU-001,Personal Product 1,Personal Care,1012.71,11,16,0,339,228,1,224,334,230897.88,0
01-04-2025,SKU-001,Personal Product 1,Personal Care,1012.71,11,16,0,293,223,3,245,312,225834.33,0
01-05-2025,SKU-001,Personal Product 1,Personal Care,1012.71,11,16,0,167,213,3,245,196,215707.23,0
01-06-2025,SKU-001,Personal Product 1,Personal Care,1012.71,11,16,0,254,251,2,227,228,254190.21,0
01-07-2025,SKU-001,Personal Product 1,Personal Care,1012.71,11,16,0,99,186,3,186,96,188364.06,0
01-08-2025,SKU-001,Personal Product 1,Personal Care,1012.71,11,16,1,341,231,6,214,318,233936.01,0
01-09-2025,SKU-001,Personal Product 1,Personal Care,1012.71,11,16,0,232,157,6,148,217,158995.47,0
01-10-2025,SKU-001,Personal Product 1,Personal Care,1012.71,11,16,0,238,199,0,185,224,201529.29,0
01-11-2025,SKU-001,Personal Product 1,Personal Care,1012.71,11,16,0,244,189,4,188,239,191402.19,0
01-12-2025,SKU-001,Personal Product 1,Personal Care,1012.71,11,16,0,127,178,3,179,125,180262.38,0
01-01-2024,SKU-002,Office Product 2,Office Supplies,2238.75,12,41,0,299,255,3,231,272,570881.25,0
01-02-2024,SKU-002,Office Product 2,Office Supplies,2238.75,12,41,0,190,209,4,246,223,467898.75,0
01-03-2024,SKU-002,Office Product 2,Office Supplies,2238.75,12,41,1,279,226,3,266,316,505957.5,0
01-04-2024,SKU-002,Office Product 2,Office Supplies,2238.75,12,41,0,105,185,1,221,140,414168.75,0
01-05-2024,SKU-002,Office Product 2,Office Supplies,2238.75,12,41,0,236,233,6,273,270,521628.75,0
01-06-2024,SKU-002,Office Product 2,Office Supplies,2238.75,12,41,0,101,230,7,246,110,514912.5,0
01-07-2024,SKU-002,Office Product 2,Office Supplies,2238.75,12,41,0,228,165,1,150,212,369393.75,0
01-08-2024,SKU-002,Office Product 2,Office Supplies,2238.75,12,41,0,101,203,3,220,115,454466.25,0
01-09-2024,SKU-002,Office Product 2,Office Supplies,2238.75,12,41,0,116,236,6,243,117,528345,0
01-10-2024,SKU-002,Office Product 2,Office Supplies,2238.75,12,41,0,236,223,5,217,225,499241.25,0
01-11-2024,SKU-002,Office Product 2,Office Supplies,2238.75,12,41,0,217,166,5,167,213,371632.5,0
01-12-2024,SKU-002,Office Product 2,Office Supplies,2238.75,12,41,0,319,224,1,204,298,501480,0
01-01-2025,SKU-002,Office Product 2,Office Supplies,2238.75,12,41,0,174,199,2,205,178,445511.25,0
01-02-2025,SKU-002,Office Product 2,Office Supplies,2238.75,12,41,0,271,236,1,238,272,528345,0
01-03-2025,SKU-002,Office Product 2,Office Supplies,2238.75,12,41,0,112,261,1,285,135,584313.75,0
01-04-2025,SKU-002,Office Product 2,Office Supplies,2238.75,12,41,0,417,281,7,333,462,629088.75,0
01-05-2025,SKU-002,Office Product 2,Office Supplies,2238.75,12,41,0,179,243,2,278,212,544016.25,0
01-06-2025,SKU-002,Office Product 2,Office Supplies,2238.75,12,41,0,344,252,6,283,369,564165,0
01-07-2025,SKU-002,Office Product 2,Office Supplies,2238.75,12,41,1,224,223,7,261,255,499241.25,0
01-08-2025,SKU-002,Office Product 2,Office Supplies,2238.75,12,41,0,99,196,3,229,129,438795,0
01-09-2025,SKU-002,Office Product 2,Office Supplies,2238.75,12,41,0,339,252,4,286,369,564165,0
01-10-2025,SKU-002,Office Product 2,Office Supplies,2238.75,12,41,0,215,232,1,247,229,519390,0
01-11-2025,SKU-002,Office Product 2,Office Supplies,2238.75,12,41,0,248,200,3,185,230,447750,0
01-12-2025,SKU-002,Office Product 2,Office Supplies,2238.75,12,41,0,190,224,3,267,230,501480,0
01-01-2024,SKU-003,Home Product 3,Home & Kitchen,2276.62,14,18,0,89,97,2,96,86,220832.14,0
01-02-2024,SKU-003,Home Product 3,Home & Kitchen,2276.62,14,18,0,166,129,3,147,181,293683.98,0
01-03-2024,SKU-003,Home Product 3,Home & Kitchen,2276.62,14,18,0,96,104,1,110,101,236768.48,0
01-04-2024,SKU-003,Home Product 3,Home & Kitchen,2276.62,14,18,0,144,96,2,87,133,218555.52,0
01-05-2024,SKU-003,Home Product 3,Home & Kitchen,2276.62,14,18,0,83,127,0,120,76,289130.74,0
01-06-2024,SKU-003,Home Product 3,Home & Kitchen,2276.62,14,18,0,156,101,3,118,170,229938.62,0
01-07-2024,SKU-003,Home Product 3,Home & Kitchen,2276.62,14,18,0,87,101,1,110,95,229938.62,0
01-08-2024,SKU-003,Home Product 3,Home & Kitchen,2276.62,14,18,0,99,105,1,102,95,239045.1,0
01-09-2024,SKU-003,Home Product 3,Home & Kitchen,2276.62,14,18,0,48,98,1,92,41,223108.76,0
01-10-2024,SKU-003,Home Product 3,Home & Kitchen,2276.62,14,18,1,108,102,3,118,121,232215.24,0
01-11-2024,SKU-003,Home Product 3,Home & Kitchen,2276.62,14,18,0,172,124,3,126,171,282300.88,0
01-12-2024,SKU-003,Home Product 3,Home & Kitchen,2276.62,14,18,0,61,110,0,100,51,250428.2,0
01-01-2025,SKU-003,Home Product 3,Home & Kitchen,2276.62,14,18,0,86,126,5,127,82,286854.12,0
01-02-2025,SKU-003,Home Product 3,Home & Kitchen,2276.62,14,18,0,183,126,1,121,177,286854.12,0
01-03-2025,SKU-003,Home Product 3,Home & Kitchen,2276.62,14,18,0,215,138,2,157,232,314173.56,0
01-04-2025,SKU-003,Home Product 3,Home & Kitchen,2276.62,14,18,0,159,137,3,155,174,311896.94,0
01-05-2025,SKU-003,Home Product 3,Home & Kitchen,2276.62,14,18,0,154,146,4,163,167,332386.52,0
01-06-2025,SKU-003,Home Product 3,Home & Kitchen,2276.62,14,18,0,142,150,3,170,159,341493,0
01-07-2025,SKU-003,Home Product 3,Home & Kitchen,2276.62,14,18,0,110,137,1,147,119,311896.94,0
01-08-2025,SKU-003,Home Product 3,Home & Kitchen,2276.62,14,18,0,77,126,2,139,88,286854.12,0
01-09-2025,SKU-003,Home Product 3,Home & Kitchen,2276.62,14,18,0,113,139,3,159,130,316450.18,0
01-10-2025,SKU-003,Home Product 3,Home & Kitchen,2276.62,14,18,0,131,126,0,134,139,286854.12,0
01-11-2025,SKU-003,Home Product 3,Home & Kitchen,2276.62,14,18,0,145,119,0,124,150,270917.78,0
01-12-2025,SKU-003,Home Product 3,Home & Kitchen,2276.62,14,18,0,181,126,1,113,167,286854.12,0
01-01-2024,SKU-004,Office Product 4,Office Supplies,586.63,9,36,0,23,42,1,39,19,24638.46,0
01-02-2024,SKU-004,Office Product 4,Office Supplies,586.63,9,36,0,43,53,2,61,49,31091.39,0
01-03-2024,SKU-004,Office Product 4,Office Supplies,586.63,9,36,0,70,50,0,53,73,29331.5,0
01-04-2024,SKU-004,Office Product 4,Office Supplies,586.63,9,36,0,46,48,1,48,45,28158.24,0
01-05-2024,SKU-004,Office Product 4,Office Supplies,586.63,9,36,0,53,50,2,53,54,29331.5,0
01-06-2024,SKU-004,Office Product 4,Office Supplies,586.63,9,36,0,71,63,0,73,81,36957.69,0
01-07-2024,SKU-004,Office Product 4,Office Supplies,586.63,9,36,0,34,41,1,39,31,24051.83,0
01-08-2024,SKU-004,Office Product 4,Office Supplies,586.63,9,36,0,23,50,1,57,29,29331.5,0
01-09-2024,SKU-004,Office Product 4,Office Supplies,586.63,9,36,0,50,51,1,60,58,29918.13,0
01-10-2024,SKU-004,Office Product 4,Office Supplies,586.63,9,36,0,77,55,2,57,77,32264.65,0
01-11-2024,SKU-004,Office Product 4,Office Supplies,586.63,9,36,0,56,56,2,51,49,32851.28,0
01-12-2024,SKU-004,Office Product 4,Office Supplies,586.63,9,36,1,51,61,0,65,55,35784.43,0
01-01-2025,SKU-004,Office Product 4,Office Supplies,586.63,9,36,0,35,71,0,78,42,41650.73,0
01-02-2025,SKU-004,Office Product 4,Office Supplies,586.63,9,36,0,73,76,0,71,68,44583.88,0
01-03-2025,SKU-004,Office Product 4,Office Supplies,586.63,9,36,0,108,68,2,80,118,39890.84,0
01-04-2025,SKU-004,Office Product 4,Office Supplies,586.63,9,36,0,96,72,2,65,87,42237.36,0
01-05-2025,SKU-004,Office Product 4,Office Supplies,586.63,9,36,0,89,77,1,74,85,45170.51,0
01-06-2025,SKU-004,Office Product 4,Office Supplies,586.63,9,36,0,91,75,0,80,96,43997.25,0
01-07-2025,SKU-004,Office Product 4,Office Supplies,586.63,9,36,0,60,73,2,78,63,42823.99,0
01-08-2025,SKU-004,Office Product 4,Office Supplies,586.63,9,36,0,74,71,1,68,70,41650.73,0
01-09-2025,SKU-004,Office Product 4,Office Supplies,586.63,9,36,0,73,74,1,86,84,43410.62,0
01-10-2025,SKU-004,Office Product 4,Office Supplies,586.63,9,36,0,37,65,3,73,42,38130.95,0
01-11-2025,SKU-004,Office Product 4,Office Supplies,586.63,9,36,0,60,71,1,75,63,41650.73,0
01-12-2025,SKU-004,Office Product 4,Office Supplies,586.63,9,36,0,74,84,2,87,75,49276.92,0
01-01-2024,SKU-005,Office Product 5,Office Supplies,1759.36,5,40,0,181,180,5,193,189,316684.8,0
01-02-2024,SKU-005,Office Product 5,Office Supplies,1759.36,5,40,0,323,213,0,247,357,374743.68,0
01-03-2024,SKU-005,Office Product 5,Office Supplies,1759.36,5,40,0,389,256,4,286,415,450396.16,0
01-04-2024,SKU-005,Office Product 5,Office Supplies,1759.36,5,40,1,424,294,4,345,471,517251.84,0
01-05-2024,SKU-005,Office Product 5,Office Supplies,1759.36,5,40,0,79,197,1,224,105,346593.92,0
01-06-2024,SKU-005,Office Product 5,Office Supplies,1759.36,5,40,0,259,275,6,266,244,483824,0
01-07-2024,SKU-005,Office Product 5,Office Supplies,1759.36,5,40,0,131,215,5,236,147,378262.4,0
01-08-2024,SKU-005,Office Product 5,Office Supplies,1759.36,5,40,1,193,193,2,231,229,339556.48,0
01-09-2024,SKU-005,Office Product 5,Office Supplies,1759.36,5,40,0,82,185,2,177,72,325481.6,0
01-10-2024,SKU-005,Office Product 5,Office Supplies,1759.36,5,40,0,169,180,1,203,191,316684.8,0
01-11-2024,SKU-005,Office Product 5,Office Supplies,1759.36,5,40,0,206,144,1,137,198,253347.84,0
01-12-2024,SKU-005,Office Product 5,Office Supplies,1759.36,5,40,1,118,202,3,183,96,355390.72,0
01-01-2025,SKU-005,Office Product 5,Office Supplies,1759.36,5,40,0,117,223,2,202,94,392337.28,0
01-02-2025,SKU-005,Office Product 5,Office Supplies,1759.36,5,40,0,312,247,3,240,302,434561.92,0
01-03-2025,SKU-005,Office Product 5,Office Supplies,1759.36,5,40,0,164,253,4,234,141,445118.08,0
01-04-2025,SKU-005,Office Product 5,Office Supplies,1759.36,5,40,0,336,304,6,308,334,534845.44,0
01-05-2025,SKU-005,Office Product 5,Office Supplies,1759.36,5,40,0,226,230,5,266,257,404652.8,0
01-06-2025,SKU-005,Office Product 5,Office Supplies,1759.36,5,40,0,316,301,2,295,308,529567.36,0
01-07-2025,SKU-005,Office Product 5,Office Supplies,1759.36,5,40,0,326,218,4,197,301,383540.48,0
01-08-2025,SKU-005,Office Product 5,Office Supplies,1759.36,5,40,0,115,205,5,185,90,360668.8,0
01-09-2025,SKU-005,Office Product 5,Office Supplies,1759.36,5,40,0,210,206,4,209,209,362428.16,0
01-10-2025,SKU-005,Office Product 5,Office Supplies,1759.36,5,40,0,149,216,2,233,164,380021.76,0
01-11-2025,SKU-005,Office Product 5,Office Supplies,1759.36,5,40,0,278,183,3,201,293,321962.88,0
01-12-2025,SKU-005,Office Product 5,Office Supplies,1759.36,5,40,0,210,189,1,184,204,332519.04,0
01-01-2024,SKU-006,Grocery Product 6,Grocery,888.87,11,16,0,161,117,2,113,155,103997.79,0
01-02-2024,SKU-006,Grocery Product 6,Grocery,888.87,11,16,0,61,120,2,120,59,106664.4,0
01-03-2024,SKU-006,Grocery Product 6,Grocery,888.87,11,16,0,158,112,4,124,166,99553.44,0
01-04-2024,SKU-006,Grocery Product 6,Grocery,888.87,11,16,0,203,133,1,159,228,118219.71,0
01-05-2024,SKU-006,Grocery Product 6,Grocery,888.87,11,16,0,62,142,1,166,85,126219.54,0
01-06-2024,SKU-006,Grocery Product 6,Grocery,888.87,11,16,0,185,131,4,151,201,116441.97,0
01-07-2024,SKU-006,Grocery Product 6,Grocery,888.87,11,16,0,123,100,0,92,115,88887,0
01-08-2024,SKU-006,Grocery Product 6,Grocery,888.87,11,16,0,121,116,1,115,119,103108.92,0
01-09-2024,SKU-006,Grocery Product 6,Grocery,888.87,11,16,0,166,115,2,104,153,102220.05,0
01-10-2024,SKU-006,Grocery Product 6,Grocery,888.87,11,16,0,74,84,5,94,79,74665.08,0
01-11-2024,SKU-006,Grocery Product 6,Grocery,888.87,11,16,0,78,115,3,128,88,102220.05,0
01-12-2024,SKU-006,Grocery Product 6,Grocery,888.87,11,16,0,78,116,1,114,75,103108.92,0
01-01-2025,SKU-006,Grocery Product 6,Grocery,888.87,11,16,0,130,97,1,114,146,86220.39,0
01-02-2025,SKU-006,Grocery Product 6,Grocery,888.87,11,16,0,70,117,3,126,76,103997.79,0
01-03-2025,SKU-006,Grocery Product 6,Grocery,888.87,11,16,1,116,186,2,179,107,165329.82,0
01-04-2025,SKU-006,Grocery Product 6,Grocery,888.87,11,16,0,252,173,1,205,283,153774.51,0
01-05-2025,SKU-006,Grocery Product 6,Grocery,888.87,11,16,1,201,193,3,186,191,171551.91,0
01-06-2025,SKU-006,Grocery Product 6,Grocery,888.87,11,16,0,92,129,1,150,112,114664.23,0
01-07-2025,SKU-006,Grocery Product 6,Grocery,888.87,11,16,0,111,132,2,134,111,117330.84,0
01-08-2025,SKU-006,Grocery Product 6,Grocery,888.87,11,16,0,148,122,2,117,141,108442.14,0
01-09-2025,SKU-006,Grocery Product 6,Grocery,888.87,11,16,0,118,110,3,121,126,97775.7,0
01-10-2025,SKU-006,Grocery Product 6,Grocery,888.87,11,16,0,139,122,7,134,144,108442.14,0
01-11-2025,SKU-006,Grocery Product 6,Grocery,888.87,11,16,0,153,110,2,125,166,97775.7,0
01-12-2025,SKU-006,Grocery Product 6,Grocery,888.87,11,16,0,139,122,0,120,137,108442.14,0
01-01-2024,SKU-007,Home Product 7,Home & Kitchen,991.6,9,59,0,185,151,5,178,207,149731.6,0
01-02-2024,SKU-007,Home Product 7,Home & Kitchen,991.6,9,59,0,118,146,2,156,126,144773.6,0
01-03-2024,SKU-007,Home Product 7,Home & Kitchen,991.6,9,59,0,115,147,1,133,100,145765.2,0
01-04-2024,SKU-007,Home Product 7,Home & Kitchen,991.6,9,59,0,152,167,3,200,182,165597.2,0
01-05-2024,SKU-007,Home Product 7,Home & Kitchen,991.6,9,59,0,199,168,2,185,214,166588.8,0
01-06-2024,SKU-007,Home Product 7,Home & Kitchen,991.6,9,59,0,133,148,2,175,158,146756.8,0
01-07-2024,SKU-007,Home Product 7,Home & Kitchen,991.6,9,59,0,54,125,3,120,46,123950,0
01-08-2024,SKU-007,Home Product 7,Home & Kitchen,991.6,9,59,0,181,136,4,157,198,134857.6,0
01-09-2024,SKU-007,Home Product 7,Home & Kitchen,991.6,9,59,0,228,152,1,138,213,150723.2,0
01-10-2024,SKU-007,Home Product 7,Home & Kitchen,991.6,9,59,0,188,154,2,144,176,152706.4,0
01-11-2024,SKU-007,Home Product 7,Home & Kitchen,991.6,9,59,0,105,146,0,156,115,144773.6,0
01-12-2024,SKU-007,Home Product 7,Home & Kitchen,991.6,9,59,0,61,127,1,114,47,125933.2,0
01-01-2025,SKU-007,Home Product 7,Home & Kitchen,991.6,9,59,0,106,202,4,210,110,200303.2,0
01-02-2025,SKU-007,Home Product 7,Home & Kitchen,991.6,9,59,0,193,156,2,169,204,154689.6,0
01-03-2025,SKU-007,Home Product 7,Home & Kitchen,991.6,9,59,0,134,154,1,142,121,152706.4,0
01-04-2025,SKU-007,Home Product 7,Home & Kitchen,991.6,9,59,0,90,173,3,164,78,171546.8,0
01-05-2025,SKU-007,Home Product 7,Home & Kitchen,991.6,9,59,0,217,206,5,240,246,204269.6,0
01-06-2025,SKU-007,Home Product 7,Home & Kitchen,991.6,9,59,0,121,175,4,160,102,173530,0
01-07-2025,SKU-007,Home Product 7,Home & Kitchen,991.6,9,59,0,188,158,2,179,207,156672.8,0
01-08-2025,SKU-007,Home Product 7,Home & Kitchen,991.6,9,59,0,201,166,5,159,189,164605.6,0
01-09-2025,SKU-007,Home Product 7,Home & Kitchen,991.6,9,59,0,77,173,4,206,106,171546.8,0
01-10-2025,SKU-007,Home Product 7,Home & Kitchen,991.6,9,59,0,226,153,3,177,247,151714.8,0
01-11-2025,SKU-007,Home Product 7,Home & Kitchen,991.6,9,59,0,93,168,3,188,110,166588.8,0
01-12-2025,SKU-007,Home Product 7,Home & Kitchen,991.6,9,59,0,83,136,2,162,107,134857.6,0
01-01-2024,SKU-008,Home Product 8,Home & Kitchen,315.69,14,28,0,182,117,0,119,184,36935.73,0
01-02-2024,SKU-008,Home Product 8,Home & Kitchen,315.69,14,28,0,47,86,1,97,57,27149.34,0
01-03-2024,SKU-008,Home Product 8,Home & Kitchen,315.69,14,28,1,107,105,0,99,101,33147.45,0
01-04-2024,SKU-008,Home Product 8,Home & Kitchen,315.69,14,28,0,137,110,2,119,144,34725.9,0
01-05-2024,SKU-008,Home Product 8,Home & Kitchen,315.69,14,28,0,89,123,5,114,75,38829.87,0
01-06-2024,SKU-008,Home Product 8,Home & Kitchen,315.69,14,28,0,115,122,2,114,105,38514.18,0
01-07-2024,SKU-008,Home Product 8,Home & Kitchen,315.69,14,28,1,180,114,0,107,173,35988.66,0
01-08-2024,SKU-008,Home Product 8,Home & Kitchen,315.69,14,28,1,91,78,0,92,105,24623.82,0
01-09-2024,SKU-008,Home Product 8,Home & Kitchen,315.69,14,28,0,73,96,2,87,62,30306.24,0
01-10-2024,SKU-008,Home Product 8,Home & Kitchen,315.69,14,28,0,81,52,0,57,86,16415.88,0
01-11-2024,SKU-008,Home Product 8,Home & Kitchen,315.69,14,28,0,108,77,1,85,115,24308.13,0
01-12-2024,SKU-008,Home Product 8,Home & Kitchen,315.69,14,28,1,191,126,4,114,175,39776.94,0
01-01-2025,SKU-008,Home Product 8,Home & Kitchen,315.69,14,28,0,42,80,1,87,48,25255.2,0
01-02-2025,SKU-008,Home Product 8,Home & Kitchen,315.69,14,28,0,95,108,1,128,114,34094.52,0
01-03-2025,SKU-008,Home Product 8,Home & Kitchen,315.69,14,28,0,147,108,3,118,154,34094.52,0
01-04-2025,SKU-008,Home Product 8,Home & Kitchen,315.69,14,28,0,50,124,3,131,54,39145.56,0
01-05-2025,SKU-008,Home Product 8,Home & Kitchen,315.69,14,28,0,57,84,1,86,58,26517.96,0
01-06-2025,SKU-008,Home Product 8,Home & Kitchen,315.69,14,28,0,83,74,0,68,77,23361.06,0
01-07-2025,SKU-008,Home Product 8,Home & Kitchen,315.69,14,28,0,34,80,2,83,35,25255.2,0
01-08-2025,SKU-008,Home Product 8,Home & Kitchen,315.69,14,28,0,112,108,1,115,118,34094.52,0
01-09-2025,SKU-008,Home Product 8,Home & Kitchen,315.69,14,28,0,34,84,2,80,28,26517.96,0
01-10-2025,SKU-008,Home Product 8,Home & Kitchen,315.69,14,28,0,38,81,1,95,51,25570.89,0
01-11-2025,SKU-008,Home Product 8,Home & Kitchen,315.69,14,28,1,59,78,1,76,56,24623.82,0
01-12-2025,SKU-008,Home Product 8,Home & Kitchen,315.69,14,28,0,95,76,1,82,100,23992.44,0
01-01-2024,SKU-009,Home Product 9,Home & Kitchen,1344.4,8,45,0,179,197,2,231,211,264846.8,0
01-02-2024,SKU-009,Home Product 9,Home & Kitchen,1344.4,8,45,0,291,250,3,225,263,336100,0
01-03-2024,SKU-009,Home Product 9,Home & Kitchen,1344.4,8,45,0,377,295,6,292,368,396598,0
01-04-2024,SKU-009,Home Product 9,Home & Kitchen,1344.4,8,45,0,401,278,5,269,387,373743.2,0
01-05-2024,SKU-009,Home Product 9,Home & Kitchen,1344.4,8,45,0,157,222,2,242,175,298456.8,0
01-06-2024,SKU-009,Home Product 9,Home & Kitchen,1344.4,8,45,0,280,251,1,246,274,337444.4,0
01-07-2024,SKU-009,Home Product 9,Home & Kitchen,1344.4,8,45,0,246,178,1,178,245,239303.2,0
01-08-2024,SKU-009,Home Product 9,Home & Kitchen,1344.4,8,45,0,176,158,3,172,187,212415.2,0
01-09-2024,SKU-009,Home Product 9,Home & Kitchen,1344.4,8,45,0,113,157,4,171,123,211070.8,0
01-10-2024,SKU-009,Home Product 9,Home & Kitchen,1344.4,8,45,0,73,158,2,151,64,212415.2,0
01-11-2024,SKU-009,Home Product 9,Home & Kitchen,1344.4,8,45,0,175,151,1,179,202,203004.4,0
01-12-2024,SKU-009,Home Product 9,Home & Kitchen,1344.4,8,45,0,79,197,2,225,105,264846.8,0
01-01-2025,SKU-009,Home Product 9,Home & Kitchen,1344.4,8,45,0,316,239,3,267,341,321311.6,0
01-02-2025,SKU-009,Home Product 9,Home & Kitchen,1344.4,8,45,0,315,279,3,323,356,375087.6,0
01-03-2025,SKU-009,Home Product 9,Home & Kitchen,1344.4,8,45,0,390,281,3,295,401,377776.4,0
01-04-2025,SKU-009,Home Product 9,Home & Kitchen,1344.4,8,45,0,251,287,6,301,259,385842.8,0
01-05-2025,SKU-009,Home Product 9,Home & Kitchen,1344.4,8,45,0,198,340,5,308,161,457096,0
01-06-2025,SKU-009,Home Product 9,Home & Kitchen,1344.4,8,45,0,431,309,7,361,476,415419.6,0
01-07-2025,SKU-009,Home Product 9,Home & Kitchen,1344.4,8,45,0,127,234,3,265,155,314589.6,0
01-08-2025,SKU-009,Home Product 9,Home & Kitchen,1344.4,8,45,0,266,237,4,214,239,318622.8,0
01-09-2025,SKU-009,Home Product 9,Home & Kitchen,1344.4,8,45,0,267,234,2,263,294,314589.6,0
01-10-2025,SKU-009,Home Product 9,Home & Kitchen,1344.4,8,45,0,220,165,1,152,206,221826,0
01-11-2025,SKU-009,Home Product 9,Home & Kitchen,1344.4,8,45,0,137,226,3,218,126,303834.4,0
01-12-2025,SKU-009,Home Product 9,Home & Kitchen,1344.4,8,45,0,132,217,6,226,135,291734.8,0
01-01-2024,SKU-010,Office Product 10,Office Supplies,403.81,6,52,0,77,112,1,101,65,45226.72,0
01-02-2024,SKU-010,Office Product 10,Office Supplies,403.81,6,52,1,145,154,3,163,151,62186.74,0
01-03-2024,SKU-010,Office Product 10,Office Supplies,403.81,6,52,0,131,135,1,151,146,54514.35,0
01-04-2024,SKU-010,Office Product 10,Office Supplies,403.81,6,52,0,193,125,2,145,211,50476.25,0
01-05-2024,SKU-010,Office Product 10,Office Supplies,403.81,6,52,0,150,158,3,184,173,63801.98,0
01-06-2024,SKU-010,Office Product 10,Office Supplies,403.81,6,52,0,70,121,4,127,72,48861.01,0
01-07-2024,SKU-010,Office Product 10,Office Supplies,403.81,6,52,0,205,163,0,150,192,65821.03,0
01-08-2024,SKU-010,Office Product 10,Office Supplies,403.81,6,52,0,202,131,0,118,189,52899.11,0
01-09-2024,SKU-010,Office Product 10,Office Supplies,403.81,6,52,0,66,109,2,104,59,44015.29,0
01-10-2024,SKU-010,Office Product 10,Office Supplies,403.81,6,52,0,56,114,2,103,43,46034.34,0
01-11-2024,SKU-010,Office Product 10,Office Supplies,403.81,6,52,1,188,166,2,155,175,67032.46,0
01-12-2024,SKU-010,Office Product 10,Office Supplies,403.81,6,52,0,173,128,2,152,195,51687.68,0
01-01-2025,SKU-010,Office Product 10,Office Supplies,403.81,6,52,0,225,149,4,149,221,60167.69,0
01-02-2025,SKU-010,Office Product 10,Office Supplies,403.81,6,52,0,248,162,2,175,259,65417.22,0
01-03-2025,SKU-010,Office Product 10,Office Supplies,403.81,6,52,0,154,162,7,182,167,65417.22,0
01-04-2025,SKU-010,Office Product 10,Office Supplies,403.81,6,52,0,262,166,3,176,269,67032.46,0
01-05-2025,SKU-010,Office Product 10,Office Supplies,403.81,6,52,1,206,204,5,219,216,82377.24,0
01-06-2025,SKU-010,Office Product 10,Office Supplies,403.81,6,52,0,64,158,5,164,65,63801.98,0
01-07-2025,SKU-010,Office Product 10,Office Supplies,403.81,6,52,0,181,159,2,178,198,64205.79,0
01-08-2025,SKU-010,Office Product 10,Office Supplies,403.81,6,52,0,64,145,3,163,79,58552.45,0
01-09-2025,SKU-010,Office Product 10,Office Supplies,403.81,6,52,0,212,133,1,154,232,53706.73,0
01-10-2025,SKU-010,Office Product 10,Office Supplies,403.81,6,52,0,170,138,4,141,169,55725.78,0
01-11-2025,SKU-010,Office Product 10,Office Supplies,403.81,6,52,0,133,137,1,147,142,55321.97,0
01-12-2025,SKU-010,Office Product 10,Office Supplies,403.81,6,52,0,196,183,1,195,207,73897.23,0
01-01-2024,SKU-011,Personal Product 11,Personal Care,732.97,13,33,0,37,65,2,67,37,47643.05,0
01-02-2024,SKU-011,Personal Product 11,Personal Care,732.97,13,33,0,67,60,1,57,63,43978.2,0
01-03-2024,SKU-011,Personal Product 11,Personal Care,732.97,13,33,0,88,63,2,64,87,46177.11,0
01-04-2024,SKU-011,Personal Product 11,Personal Care,732.97,13,33,0,72,90,2,90,70,65967.3,0
01-05-2024,SKU-011,Personal Product 11,Personal Care,732.97,13,33,0,54,76,0,89,67,55705.72,0
01-06-2024,SKU-011,Personal Product 11,Personal Care,732.97,13,33,0,55,58,2,66,61,42512.26,0
01-07-2024,SKU-011,Personal Product 11,Personal Care,732.97,13,33,0,38,66,1,74,45,48376.02,0
01-08-2024,SKU-011,Personal Product 11,Personal Care,732.97,13,33,0,84,71,0,79,92,52040.87,0
01-09-2024,SKU-011,Personal Product 11,Personal Care,732.97,13,33,1,40,58,0,67,49,42512.26,0
01-10-2024,SKU-011,Personal Product 11,Personal Care,732.97,13,33,0,23,50,1,56,28,36648.5,0
01-11-2024,SKU-011,Personal Product 11,Personal Care,732.97,13,33,0,18,44,0,51,25,32250.68,0
01-12-2024,SKU-011,Personal Product 11,Personal Care,732.97,13,33,0,49,70,3,71,47,51307.9,0
01-01-2025,SKU-011,Personal Product 11,Personal Care,732.97,13,33,0,74,66,1,78,85,48376.02,0
01-02-2025,SKU-011,Personal Product 11,Personal Care,732.97,13,33,0,58,88,0,83,53,64501.36,0
01-03-2025,SKU-011,Personal Product 11,Personal Care,732.97,13,33,0,116,92,1,106,129,67433.24,0
01-04-2025,SKU-011,Personal Product 11,Personal Care,732.97,13,33,0,102,104,2,107,103,76228.88,0
01-05-2025,SKU-011,Personal Product 11,Personal Care,732.97,13,33,0,91,90,2,82,81,65967.3,0
01-06-2025,SKU-011,Personal Product 11,Personal Care,732.97,13,33,0,67,105,1,119,80,76961.85,0
01-07-2025,SKU-011,Personal Product 11,Personal Care,732.97,13,33,0,114,79,2,91,124,57904.63,0
01-08-2025,SKU-011,Personal Product 11,Personal Care,732.97,13,33,0,109,69,0,71,111,50574.93,0
01-09-2025,SKU-011,Personal Product 11,Personal Care,732.97,13,33,0,87,74,1,68,80,54239.78,0
01-10-2025,SKU-011,Personal Product 11,Personal Care,732.97,13,33,0,43,67,1,79,54,49108.99,0
01-11-2025,SKU-011,Personal Product 11,Personal Care,732.97,13,33,0,115,77,2,78,114,56438.69,0
01-12-2025,SKU-011,Personal Product 11,Personal Care,732.97,13,33,0,101,75,0,83,109,54972.75,0
01-01-2024,SKU-012,Home Product 12,Home & Kitchen,2251.19,12,54,0,52,38,0,42,56,85545.22,0
01-02-2024,SKU-012,Home Product 12,Home & Kitchen,2251.19,12,54,0,35,45,3,50,37,101303.55,0
01-03-2024,SKU-012,Home Product 12,Home & Kitchen,2251.19,12,54,1,75,48,1,57,83,108057.12,0
01-04-2024,SKU-012,Home Product 12,Home & Kitchen,2251.19,12,54,0,25,49,0,54,30,110308.31,0
01-05-2024,SKU-012,Home Product 12,Home & Kitchen,2251.19,12,54,0,70,47,2,46,67,105805.93,0
01-06-2024,SKU-012,Home Product 12,Home & Kitchen,2251.19,12,54,0,71,52,4,50,65,117061.88,0
01-07-2024,SKU-012,Home Product 12,Home & Kitchen,2251.19,12,54,0,49,39,0,36,46,87796.41,0
01-08-2024,SKU-012,Home Product 12,Home & Kitchen,2251.19,12,54,0,42,46,2,49,43,103554.74,0
01-09-2024,SKU-012,Home Product 12,Home & Kitchen,2251.19,12,54,0,61,48,1,43,55,108057.12,0
01-10-2024,SKU-012,Home Product 12,Home & Kitchen,2251.19,12,54,0,57,47,0,42,52,105805.93,0
01-11-2024,SKU-012,Home Product 12,Home & Kitchen,2251.19,12,54,0,24,50,0,50,24,112559.5,0
01-12-2024,SKU-012,Home Product 12,Home & Kitchen,2251.19,12,54,0,32,48,1,56,39,108057.12,0
01-01-2025,SKU-012,Home Product 12,Home & Kitchen,2251.19,12,54,0,51,59,0,56,48,132820.21,0
01-02-2025,SKU-012,Home Product 12,Home & Kitchen,2251.19,12,54,0,33,61,0,61,33,137322.59,0
01-03-2025,SKU-012,Home Product 12,Home & Kitchen,2251.19,12,54,0,26,62,0,63,27,139573.78,0
01-04-2025,SKU-012,Home Product 12,Home & Kitchen,2251.19,12,54,1,131,84,0,93,140,189099.96,0
01-05-2025,SKU-012,Home Product 12,Home & Kitchen,2251.19,12,54,0,72,70,2,76,76,157583.3,0
01-06-2025,SKU-012,Home Product 12,Home & Kitchen,2251.19,12,54,0,31,66,1,61,25,148578.54,0
01-07-2025,SKU-012,Home Product 12,Home & Kitchen,2251.19,12,54,0,30,62,0,71,39,139573.78,0
01-08-2025,SKU-012,Home Product 12,Home & Kitchen,2251.19,12,54,0,81,56,2,65,88,126066.64,0
01-09-2025,SKU-012,Home Product 12,Home & Kitchen,2251.19,12,54,0,42,59,1,60,42,132820.21,0
01-10-2025,SKU-012,Home Product 12,Home & Kitchen,2251.19,12,54,0,65,66,2,63,60,148578.54,0
01-11-2025,SKU-012,Home Product 12,Home & Kitchen,2251.19,12,54,0,24,56,1,66,33,126066.64,0
01-12-2025,SKU-012,Home Product 12,Home & Kitchen,2251.19,12,54,0,60,63,0,73,70,141824.97,0
01-01-2024,SKU-013,Office Product 13,Office Supplies,1152.98,9,35,0,30,58,0,61,33,66872.84,0
01-02-2024,SKU-013,Office Product 13,Office Supplies,1152.98,9,35,0,67,60,1,71,77,69178.8,0
01-03-2024,SKU-013,Office Product 13,Office Supplies,1152.98,9,35,0,64,77,0,75,62,88779.46,0
01-04-2024,SKU-013,Office Product 13,Office Supplies,1152.98,9,35,0,47,65,0,61,43,74943.7,0
01-05-2024,SKU-013,Office Product 13,Office Supplies,1152.98,9,35,1,52,71,0,76,57,81861.58,0
01-06-2024,SKU-013,Office Product 13,Office Supplies,1152.98,9,35,0,31,47,1,42,25,54190.06,0
01-07-2024,SKU-013,Office Product 13,Office Supplies,1152.98,9,35,0,80,53,2,52,77,61107.94,0
01-08-2024,SKU-013,Office Product 13,Office Supplies,1152.98,9,35,0,24,46,0,49,27,53037.08,0
01-09-2024,SKU-013,Office Product 13,Office Supplies,1152.98,9,35,0,28,51,1,61,37,58801.98,0
01-10-2024,SKU-013,Office Product 13,Office Supplies,1152.98,9,35,0,67,45,1,46,67,51884.1,0
01-11-2024,SKU-013,Office Product 13,Office Supplies,1152.98,9,35,0,18,40,3,43,18,46119.2,0
01-12-2024,SKU-013,Office Product 13,Office Supplies,1152.98,9,35,0,70,58,0,62,74,66872.84,0
01-01-2025,SKU-013,Office Product 13,Office Supplies,1152.98,9,35,0,74,57,1,58,74,65719.86,0
01-02-2025,SKU-013,Office Product 13,Office Supplies,1152.98,9,35,0,85,56,0,56,85,64566.88,0
01-03-2025,SKU-013,Office Product 13,Office Supplies,1152.98,9,35,0,103,69,1,75,108,79555.62,0
01-04-2025,SKU-013,Office Product 13,Office Supplies,1152.98,9,35,0,43,90,2,105,56,103768.2,0
01-05-2025,SKU-013,Office Product 13,Office Supplies,1152.98,9,35,0,36,67,1,61,29,77249.66,0
01-06-2025,SKU-013,Office Product 13,Office Supplies,1152.98,9,35,0,83,71,0,79,91,81861.58,0
01-07-2025,SKU-013,Office Product 13,Office Supplies,1152.98,9,35,0,87,65,1,64,85,74943.7,0
01-08-2025,SKU-013,Office Product 13,Office Supplies,1152.98,9,35,0,78,71,4,70,73,81861.58,0
01-09-2025,SKU-013,Office Product 13,Office Supplies,1152.98,9,35,0,58,64,1,60,53,73790.72,0
01-10-2025,SKU-013,Office Product 13,Office Supplies,1152.98,9,35,0,25,59,1,55,20,68025.82,0
01-11-2025,SKU-013,Office Product 13,Office Supplies,1152.98,9,35,0,40,52,0,53,41,59954.96,0
01-12-2025,SKU-013,Office Product 13,Office Supplies,1152.98,9,35,0,114,72,1,69,110,83014.56,0
01-01-2024,SKU-014,Grocery Product 14,Grocery,2432.3,9,38,0,83,97,0,88,74,235933.1,0
01-02-2024,SKU-014,Grocery Product 14,Grocery,2432.3,9,38,0,101,107,0,120,114,260256.1,0
01-03-2024,SKU-014,Grocery Product 14,Grocery,2432.3,9,38,0,89,103,4,122,104,250526.9,0
01-04-2024,SKU-014,Grocery Product 14,Grocery,2432.3,9,38,0,114,108,1,102,107,262688.4,0
01-05-2024,SKU-014,Grocery Product 14,Grocery,2432.3,9,38,0,70,111,1,108,66,269985.3,0
01-06-2024,SKU-014,Grocery Product 14,Grocery,2432.3,9,38,0,113,106,1,126,132,257823.8,0
01-07-2024,SKU-014,Grocery Product 14,Grocery,2432.3,9,38,0,72,82,1,85,74,199448.6,0
01-08-2024,SKU-014,Grocery Product 14,Grocery,2432.3,9,38,1,93,107,3,102,85,260256.1,0
01-09-2024,SKU-014,Grocery Product 14,Grocery,2432.3,9,38,0,167,116,3,122,170,282146.8,0
01-10-2024,SKU-014,Grocery Product 14,Grocery,2432.3,9,38,0,50,69,1,78,58,167828.7,0
01-11-2024,SKU-014,Grocery Product 14,Grocery,2432.3,9,38,0,66,90,2,91,65,218907,0
01-12-2024,SKU-014,Grocery Product 14,Grocery,2432.3,9,38,0,95,87,2,91,97,211610.1,0
01-01-2025,SKU-014,Grocery Product 14,Grocery,2432.3,9,38,0,128,90,4,83,117,218907,0
01-02-2025,SKU-014,Grocery Product 14,Grocery,2432.3,9,38,0,91,98,2,114,105,238365.4,0
01-03-2025,SKU-014,Grocery Product 14,Grocery,2432.3,9,38,0,128,105,0,109,132,255391.5,0
01-04-2025,SKU-014,Grocery Product 14,Grocery,2432.3,9,38,0,82,99,1,97,79,240797.7,0
01-05-2025,SKU-014,Grocery Product 14,Grocery,2432.3,9,38,0,100,83,1,99,115,201880.9,0
01-06-2025,SKU-014,Grocery Product 14,Grocery,2432.3,9,38,0,116,83,1,93,125,201880.9,0
01-07-2025,SKU-014,Grocery Product 14,Grocery,2432.3,9,38,0,90,92,4,85,79,223771.6,0
01-08-2025,SKU-014,Grocery Product 14,Grocery,2432.3,9,38,0,62,76,1,69,54,184854.8,0
01-09-2025,SKU-014,Grocery Product 14,Grocery,2432.3,9,38,0,79,59,0,61,81,143505.7,0
01-10-2025,SKU-014,Grocery Product 14,Grocery,2432.3,9,38,0,70,80,0,73,63,194584,0
01-11-2025,SKU-014,Grocery Product 14,Grocery,2432.3,9,38,0,55,70,2,82,65,170261,0
01-12-2025,SKU-014,Grocery Product 14,Grocery,2432.3,9,38,0,110,70,0,76,116,170261,0
01-01-2024,SKU-015,Personal Product 15,Personal Care,1918.26,2,37,0,60,63,1,66,62,120850.38,0
01-02-2024,SKU-015,Personal Product 15,Personal Care,1918.26,2,37,0,61,57,0,56,60,109340.82,0
01-03-2024,SKU-015,Personal Product 15,Personal Care,1918.26,2,37,0,86,62,1,72,95,118932.12,0
01-04-2024,SKU-015,Personal Product 15,Personal Care,1918.26,2,37,0,33,64,0,65,34,122768.64,0
01-05-2024,SKU-015,Personal Product 15,Personal Care,1918.26,2,37,0,52,65,2,67,52,124686.9,0
01-06-2024,SKU-015,Personal Product 15,Personal Care,1918.26,2,37,1,101,73,0,86,114,140032.98,0
01-07-2024,SKU-015,Personal Product 15,Personal Care,1918.26,2,37,0,91,60,3,60,88,115095.6,0
01-08-2024,SKU-015,Personal Product 15,Personal Care,1918.26,2,37,0,53,50,0,45,48,95913,0
01-09-2024,SKU-015,Personal Product 15,Personal Care,1918.26,2,37,1,82,57,0,55,80,109340.82,0
01-10-2024,SKU-015,Personal Product 15,Personal Care,1918.26,2,37,0,60,50,0,46,56,95913,0
01-11-2024,SKU-015,Personal Product 15,Personal Care,1918.26,2,37,1,44,52,2,54,44,99749.52,0
01-12-2024,SKU-015,Personal Product 15,Personal Care,1918.26,2,37,0,50,38,1,41,52,72893.88,0
01-01-2025,SKU-015,Personal Product 15,Personal Care,1918.26,2,37,0,42,50,1,55,46,95913,0
01-02-2025,SKU-015,Personal Product 15,Personal Care,1918.26,2,37,0,49,57,3,51,40,109340.82,0
01-03-2025,SKU-015,Personal Product 15,Personal Care,1918.26,2,37,1,66,69,1,76,72,132359.94,0
01-04-2025,SKU-015,Personal Product 15,Personal Care,1918.26,2,37,0,63,53,0,48,58,101667.78,0
01-05-2025,SKU-015,Personal Product 15,Personal Care,1918.26,2,37,0,40,58,0,64,46,111259.08,0
01-06-2025,SKU-015,Personal Product 15,Personal Care,1918.26,2,37,0,50,64,3,71,54,122768.64,0
01-07-2025,SKU-015,Personal Product 15,Personal Care,1918.26,2,37,0,73,56,1,57,73,107422.56,0
01-08-2025,SKU-015,Personal Product 15,Personal Care,1918.26,2,37,0,22,41,0,39,20,78648.66,0
01-09-2025,SKU-015,Personal Product 15,Personal Care,1918.26,2,37,0,35,39,1,37,32,74812.14,0
01-10-2025,SKU-015,Personal Product 15,Personal Care,1918.26,2,37,0,28,43,0,48,33,82485.18,0
01-11-2025,SKU-015,Personal Product 15,Personal Care,1918.26,2,37,0,65,54,1,62,72,103586.04,0
01-12-2025,SKU-015,Personal Product 15,Personal Care,1918.26,2,37,0,33,57,2,54,28,109340.82,0
01-01-2024,SKU-016,Grocery Product 16,Grocery,676.78,13,27,0,84,126,6,127,79,85274.28,0
01-02-2024,SKU-016,Grocery Product 16,Grocery,676.78,13,27,0,156,143,1,162,174,96779.54,0
01-03-2024,SKU-016,Grocery Product 16,Grocery,676.78,13,27,0,234,156,2,156,232,105577.68,0
01-04-2024,SKU-016,Grocery Product 16,Grocery,676.78,13,27,0,69,169,3,159,56,114375.82,0
01-05-2024,SKU-016,Grocery Product 16,Grocery,676.78,13,27,0,153,126,2,132,157,85274.28,0
01-06-2024,SKU-016,Grocery Product 16,Grocery,676.78,13,27,0,125,137,2,145,131,92718.86,0
01-07-2024,SKU-016,Grocery Product 16,Grocery,676.78,13,27,0,205,130,1,149,223,87981.4,0
01-08-2024,SKU-016,Grocery Product 16,Grocery,676.78,13,27,0,163,106,2,101,156,71738.68,0
01-09-2024,SKU-016,Grocery Product 16,Grocery,676.78,13,27,1,175,111,2,120,182,75122.58,0
01-10-2024,SKU-016,Grocery Product 16,Grocery,676.78,13,27,0,157,125,7,130,155,84597.5,0
01-11-2024,SKU-016,Grocery Product 16,Grocery,676.78,13,27,0,139,140,1,158,156,94749.2,0
01-12-2024,SKU-016,Grocery Product 16,Grocery,676.78,13,27,0,213,141,0,142,214,95425.98,0
01-01-2025,SKU-016,Grocery Product 16,Grocery,676.78,13,27,0,46,108,3,111,46,73092.24,0
01-02-2025,SKU-016,Grocery Product 16,Grocery,676.78,13,27,0,126,144,1,142,123,97456.32,0
01-03-2025,SKU-016,Grocery Product 16,Grocery,676.78,13,27,0,169,126,4,126,165,85274.28,0
01-04-2025,SKU-016,Grocery Product 16,Grocery,676.78,13,27,0,243,162,3,155,233,109638.36,0
01-05-2025,SKU-016,Grocery Product 16,Grocery,676.78,13,27,0,65,108,0,98,55,73092.24,0
01-06-2025,SKU-016,Grocery Product 16,Grocery,676.78,13,27,0,133,131,3,140,139,88658.18,0
01-07-2025,SKU-016,Grocery Product 16,Grocery,676.78,13,27,0,70,109,5,114,70,73769.02,0
01-08-2025,SKU-016,Grocery Product 16,Grocery,676.78,13,27,0,136,96,0,95,135,64970.88,0
01-09-2025,SKU-016,Grocery Product 16,Grocery,676.78,13,27,0,148,112,3,124,157,75799.36,0
01-10-2025,SKU-016,Grocery Product 16,Grocery,676.78,13,27,0,125,120,0,139,144,81213.6,0
01-11-2025,SKU-016,Grocery Product 16,Grocery,676.78,13,27,0,41,103,0,116,54,69708.34,0
01-12-2025,SKU-016,Grocery Product 16,Grocery,676.78,13,27,0,75,113,1,134,95,76476.14,0
01-01-2024,SKU-017,Personal Product 17,Personal Care,2216.22,7,18,1,153,248,5,283,183,549622.56,0
01-02-2024,SKU-017,Personal Product 17,Personal Care,2216.22,7,18,0,228,183,7,194,232,405568.26,0
01-03-2024,SKU-017,Personal Product 17,Personal Care,2216.22,7,18,0,175,232,2,250,191,514163.04,0
01-04-2024,SKU-017,Personal Product 17,Personal Care,2216.22,7,18,0,364,262,4,309,407,580649.64,0
01-05-2024,SKU-017,Personal Product 17,Personal Care,2216.22,7,18,0,168,210,6,210,162,465406.2,0
01-06-2024,SKU-017,Personal Product 17,Personal Care,2216.22,7,18,1,374,292,7,331,406,647136.24,0
01-07-2024,SKU-017,Personal Product 17,Personal Care,2216.22,7,18,0,242,192,5,201,246,425514.24,0
01-08-2024,SKU-017,Personal Product 17,Personal Care,2216.22,7,18,0,273,190,3,178,258,421081.8,0
01-09-2024,SKU-017,Personal Product 17,Personal Care,2216.22,7,18,0,202,145,4,155,208,321351.9,0
01-10-2024,SKU-017,Personal Product 17,Personal Care,2216.22,7,18,0,66,144,0,158,80,319135.68,0
01-11-2024,SKU-017,Personal Product 17,Personal Care,2216.22,7,18,0,129,146,2,163,144,323568.12,0
01-12-2024,SKU-017,Personal Product 17,Personal Care,2216.22,7,18,0,120,151,2,166,133,334649.22,0
01-01-2025,SKU-017,Personal Product 17,Personal Care,2216.22,7,18,0,104,201,4,226,125,445460.22,0
01-02-2025,SKU-017,Personal Product 17,Personal Care,2216.22,7,18,0,120,196,3,206,127,434379.12,0
01-03-2025,SKU-017,Personal Product 17,Personal Care,2216.22,7,18,1,149,232,4,227,140,514163.04,0
01-04-2025,SKU-017,Personal Product 17,Personal Care,2216.22,7,18,0,208,185,2,220,241,410000.7,0
01-05-2025,SKU-017,Personal Product 17,Personal Care,2216.22,7,18,0,133,191,4,227,165,423298.02,0
01-06-2025,SKU-017,Personal Product 17,Personal Care,2216.22,7,18,0,272,189,3,203,283,418865.58,0
01-07-2025,SKU-017,Personal Product 17,Personal Care,2216.22,7,18,1,143,204,4,219,154,452108.88,0
01-08-2025,SKU-017,Personal Product 17,Personal Care,2216.22,7,18,0,275,175,3,192,289,387838.5,0
01-09-2025,SKU-017,Personal Product 17,Personal Care,2216.22,7,18,0,236,158,0,177,255,350162.76,0
01-10-2025,SKU-017,Personal Product 17,Personal Care,2216.22,7,18,0,167,151,2,136,150,334649.22,0
01-11-2025,SKU-017,Personal Product 17,Personal Care,2216.22,7,18,0,188,130,1,124,181,288108.6,0
01-12-2025,SKU-017,Personal Product 17,Personal Care,2216.22,7,18,0,118,181,0,176,113,401135.82,0
01-01-2024,SKU-018,Office Product 18,Office Supplies,938.76,3,17,0,104,122,1,142,123,114528.72,0
01-02-2024,SKU-018,Office Product 18,Office Supplies,938.76,3,17,0,95,136,2,143,100,127671.36,0
01-03-2024,SKU-018,Office Product 18,Office Supplies,938.76,3,17,1,124,156,1,177,144,146446.56,0
01-04-2024,SKU-018,Office Product 18,Office Supplies,938.76,3,17,0,100,112,2,127,113,105141.12,0
01-05-2024,SKU-018,Office Product 18,Office Supplies,938.76,3,17,0,121,135,2,153,137,126732.6,0
01-06-2024,SKU-018,Office Product 18,Office Supplies,938.76,3,17,0,103,116,2,124,109,108896.16,0
01-07-2024,SKU-018,Office Product 18,Office Supplies,938.76,3,17,0,165,110,0,112,167,103263.6,0
01-08-2024,SKU-018,Office Product 18,Office Supplies,938.76,3,17,0,104,75,3,83,109,70407,0
01-09-2024,SKU-018,Office Product 18,Office Supplies,938.76,3,17,0,37,76,1,85,45,71345.76,0
01-10-2024,SKU-018,Office Product 18,Office Supplies,938.76,3,17,0,108,81,1,92,118,76039.56,0
01-11-2024,SKU-018,Office Product 18,Office Supplies,938.76,3,17,0,92,62,0,61,91,58203.12,0
01-12-2024,SKU-018,Office Product 18,Office Supplies,938.76,3,17,0,101,75,1,79,104,70407,0
01-01-2025,SKU-018,Office Product 18,Office Supplies,938.76,3,17,0,82,87,1,86,80,81672.12,0
01-02-2025,SKU-018,Office Product 18,Office Supplies,938.76,3,17,0,68,75,1,78,70,70407,0
01-03-2025,SKU-018,Office Product 18,Office Supplies,938.76,3,17,0,100,112,2,112,98,105141.12,0
01-04-2025,SKU-018,Office Product 18,Office Supplies,938.76,3,17,0,142,130,1,141,152,122038.8,0
01-05-2025,SKU-018,Office Product 18,Office Supplies,938.76,3,17,0,71,99,0,96,68,92937.24,0
01-06-2025,SKU-018,Office Product 18,Office Supplies,938.76,3,17,0,125,87,3,97,132,81672.12,0
01-07-2025,SKU-018,Office Product 18,Office Supplies,938.76,3,17,0,117,108,1,114,122,101386.08,0
01-08-2025,SKU-018,Office Product 18,Office Supplies,938.76,3,17,0,67,73,2,86,78,68529.48,0
01-09-2025,SKU-018,Office Product 18,Office Supplies,938.76,3,17,1,98,69,4,74,99,64774.44,0
01-10-2025,SKU-018,Office Product 18,Office Supplies,938.76,3,17,0,84,67,1,64,80,62896.92,0
01-11-2025,SKU-018,Office Product 18,Office Supplies,938.76,3,17,0,43,78,2,74,37,73223.28,0
01-12-2025,SKU-018,Office Product 18,Office Supplies,938.76,3,17,0,85,87,2,88,84,81672.12,0
01-01-2024,SKU-019,Electronics Product 19,Electronics,2024.56,4,16,0,81,167,2,182,94,338101.52,0
01-02-2024,SKU-019,Electronics Product 19,Electronics,2024.56,4,16,0,172,204,5,205,168,413010.24,0
01-03-2024,SKU-019,Electronics Product 19,Electronics,2024.56,4,16,0,210,176,3,169,200,356322.56,0
01-04-2024,SKU-019,Electronics Product 19,Electronics,2024.56,4,16,0,185,140,0,159,204,283438.4,0
01-05-2024,SKU-019,Electronics Product 19,Electronics,2024.56,4,16,0,285,221,4,240,300,447427.76,0
01-06-2024,SKU-019,Electronics Product 19,Electronics,2024.56,4,16,0,277,189,5,207,290,382641.84,0
01-07-2024,SKU-019,Electronics Product 19,Electronics,2024.56,4,16,0,114,147,2,141,106,297610.32,0
01-08-2024,SKU-019,Electronics Product 19,Electronics,2024.56,4,16,0,102,164,2,172,108,332027.84,0
01-09-2024,SKU-019,Electronics Product 19,Electronics,2024.56,4,16,0,93,131,3,145,104,265217.36,0
01-10-2024,SKU-019,Electronics Product 19,Electronics,2024.56,4,16,1,131,198,3,219,149,400862.88,0
01-11-2024,SKU-019,Electronics Product 19,Electronics,2024.56,4,16,0,137,163,4,180,150,330003.28,0
01-12-2024,SKU-019,Electronics Product 19,Electronics,2024.56,4,16,0,57,130,0,127,54,263192.8,0
01-01-2025,SKU-019,Electronics Product 19,Electronics,2024.56,4,16,0,134,171,0,188,151,346199.76,0
01-02-2025,SKU-019,Electronics Product 19,Electronics,2024.56,4,16,0,66,139,6,149,70,281413.84,0
01-03-2025,SKU-019,Electronics Product 19,Electronics,2024.56,4,16,0,110,198,3,202,111,400862.88,0
01-04-2025,SKU-019,Electronics Product 19,Electronics,2024.56,4,16,0,132,196,3,214,147,396813.76,0
01-05-2025,SKU-019,Electronics Product 19,Electronics,2024.56,4,16,0,220,193,1,222,248,390740.08,0
01-06-2025,SKU-019,Electronics Product 19,Electronics,2024.56,4,16,0,134,200,7,203,130,404912,0
01-07-2025,SKU-019,Electronics Product 19,Electronics,2024.56,4,16,0,77,167,5,180,85,338101.52,0
01-08-2025,SKU-019,Electronics Product 19,Electronics,2024.56,4,16,0,64,108,2,127,81,218652.48,0
01-09-2025,SKU-019,Electronics Product 19,Electronics,2024.56,4,16,0,180,161,2,175,192,325954.16,0
01-10-2025,SKU-019,Electronics Product 19,Electronics,2024.56,4,16,0,208,156,4,141,189,315831.36,0
01-11-2025,SKU-019,Electronics Product 19,Electronics,2024.56,4,16,0,168,155,4,146,155,313806.8,0
01-12-2025,SKU-019,Electronics Product 19,Electronics,2024.56,4,16,0,140,155,4,140,121,313806.8,0
01-01-2024,SKU-020,Personal Product 20,Personal Care,676.01,12,21,0,269,219,2,211,259,148046.19,0
01-02-2024,SKU-020,Personal Product 20,Personal Care,676.01,12,21,0,173,198,4,204,175,133849.98,0
01-03-2024,SKU-020,Personal Product 20,Personal Care,676.01,12,21,0,101,217,3,226,107,146694.17,0
01-04-2024,SKU-020,Personal Product 20,Personal Care,676.01,12,21,1,118,288,4,269,95,194690.88,0
01-05-2024,SKU-020,Personal Product 20,Personal Care,676.01,12,21,0,205,245,1,281,240,165622.45,0
01-06-2024,SKU-020,Personal Product 20,Personal Care,676.01,12,21,0,253,190,2,222,283,128441.9,0
01-07-2024,SKU-020,Personal Product 20,Personal Care,676.01,12,21,0,90,224,3,222,85,151426.24,0
01-08-2024,SKU-020,Personal Product 20,Personal Care,676.01,12,21,0,138,221,5,223,135,149398.21,0
01-09-2024,SKU-020,Personal Product 20,Personal Care,676.01,12,21,0,195,182,2,170,181,123033.82,0
01-10-2024,SKU-020,Personal Product 20,Personal Care,676.01,12,21,0,168,175,1,184,176,118301.75,0
01-11-2024,SKU-020,Personal Product 20,Personal Care,676.01,12,21,0,196,218,3,241,216,147370.18,0
01-12-2024,SKU-020,Personal Product 20,Personal Care,676.01,12,21,0,269,209,8,246,298,141286.09,0
01-01-2025,SKU-020,Personal Product 20,Personal Care,676.01,12,21,0,299,223,5,225,296,150750.23,0
01-02-2025,SKU-020,Personal Product 20,Personal Care,676.01,12,21,0,239,234,7,228,226,158186.34,0
01-03-2025,SKU-020,Personal Product 20,Personal Care,676.01,12,21,0,211,295,3,286,199,199422.95,0
01-04-2025,SKU-020,Personal Product 20,Personal Care,676.01,12,21,0,426,278,2,329,475,187930.78,0
01-05-2025,SKU-020,Personal Product 20,Personal Care,676.01,12,21,0,127,281,8,317,155,189958.81,0
01-06-2025,SKU-020,Personal Product 20,Personal Care,676.01,12,21,0,201,274,4,298,221,185226.74,0
01-07-2025,SKU-020,Personal Product 20,Personal Care,676.01,12,21,0,370,246,4,235,355,166298.46,0
01-08-2025,SKU-020,Personal Product 20,Personal Care,676.01,12,21,0,270,229,2,245,284,154806.29,0
01-09-2025,SKU-020,Personal Product 20,Personal Care,676.01,12,21,0,164,222,5,205,142,150074.22,0
01-10-2025,SKU-020,Personal Product 20,Personal Care,676.01,12,21,0,232,200,2,182,212,135202,0
01-11-2025,SKU-020,Personal Product 20,Personal Care,676.01,12,21,0,272,182,3,182,269,123033.82,0
01-12-2025,SKU-020,Personal Product 20,Personal Care,676.01,12,21,0,170,233,4,265,198,157510.33,0
01-01-2024,SKU-021,Grocery Product 21,Grocery,295.36,9,47,1,88,149,1,138,76,44008.64,0
01-02-2024,SKU-021,Grocery Product 21,Grocery,295.36,9,47,0,91,132,2,138,95,38987.52,0
01-03-2024,SKU-021,Grocery Product 21,Grocery,295.36,9,47,0,123,188,5,169,99,55527.68,0
01-04-2024,SKU-021,Grocery Product 21,Grocery,295.36,9,47,0,133,184,5,203,147,54346.24,0
01-05-2024,SKU-021,Grocery Product 21,Grocery,295.36,9,47,0,159,154,2,172,175,45485.44,0
01-06-2024,SKU-021,Grocery Product 21,Grocery,295.36,9,47,0,80,134,2,138,82,39578.24,0
01-07-2024,SKU-021,Grocery Product 21,Grocery,295.36,9,47,0,226,153,5,167,235,45190.08,0
01-08-2024,SKU-021,Grocery Product 21,Grocery,295.36,9,47,0,168,124,1,142,185,36624.64,0
01-09-2024,SKU-021,Grocery Product 21,Grocery,295.36,9,47,0,63,97,0,115,81,28649.92,0
01-10-2024,SKU-021,Grocery Product 21,Grocery,295.36,9,47,0,144,139,2,152,155,41055.04,0
01-11-2024,SKU-021,Grocery Product 21,Grocery,295.36,9,47,0,105,115,4,136,122,33966.4,0
01-12-2024,SKU-021,Grocery Product 21,Grocery,295.36,9,47,0,129,105,0,96,120,31012.8,0
01-01-2025,SKU-021,Grocery Product 21,Grocery,295.36,9,47,0,204,148,2,169,223,43713.28,0
01-02-2025,SKU-021,Grocery Product 21,Grocery,295.36,9,47,0,103,130,1,148,120,38396.8,0
01-03-2025,SKU-021,Grocery Product 21,Grocery,295.36,9,47,0,227,164,3,187,247,48439.04,0
01-04-2025,SKU-021,Grocery Product 21,Grocery,295.36,9,47,0,185,152,3,179,209,44894.72,0
01-05-2025,SKU-021,Grocery Product 21,Grocery,295.36,9,47,0,258,165,1,180,272,48734.4,0
01-06-2025,SKU-021,Grocery Product 21,Grocery,295.36,9,47,0,78,145,1,148,80,42827.2,0
01-07-2025,SKU-021,Grocery Product 21,Grocery,295.36,9,47,0,150,142,0,142,150,41941.12,0
01-08-2025,SKU-021,Grocery Product 21,Grocery,295.36,9,47,0,108,131,4,122,95,38692.16,0
01-09-2025,SKU-021,Grocery Product 21,Grocery,295.36,9,47,0,79,128,0,130,81,37806.08,0
01-10-2025,SKU-021,Grocery Product 21,Grocery,295.36,9,47,0,75,125,1,128,77,36920,0
01-11-2025,SKU-021,Grocery Product 21,Grocery,295.36,9,47,0,141,93,3,108,153,27468.48,0
01-12-2025,SKU-021,Grocery Product 21,Grocery,295.36,9,47,0,156,129,3,136,160,38101.44,0
01-01-2024,SKU-022,Office Product 22,Office Supplies,434.38,6,44,0,150,195,4,205,156,84704.1,0
01-02-2024,SKU-022,Office Product 22,Office Supplies,434.38,6,44,0,103,255,1,250,97,110766.9,0
01-03-2024,SKU-022,Office Product 22,Office Supplies,434.38,6,44,1,118,275,7,329,165,119454.5,0
01-04-2024,SKU-022,Office Product 22,Office Supplies,434.38,6,44,0,174,262,4,284,192,113807.56,0
01-05-2024,SKU-022,Office Product 22,Office Supplies,434.38,6,44,0,236,181,1,185,239,78622.78,0
01-06-2024,SKU-022,Office Product 22,Office Supplies,434.38,6,44,0,315,264,2,238,287,114676.32,0
01-07-2024,SKU-022,Office Product 22,Office Supplies,434.38,6,44,0,310,198,0,227,339,86007.24,0
01-08-2024,SKU-022,Office Product 22,Office Supplies,434.38,6,44,0,190,175,4,159,170,76016.5,0
01-09-2024,SKU-022,Office Product 22,Office Supplies,434.38,6,44,0,134,175,0,198,157,76016.5,0
01-10-2024,SKU-022,Office Product 22,Office Supplies,434.38,6,44,0,116,161,4,179,130,69935.18,0
01-11-2024,SKU-022,Office Product 22,Office Supplies,434.38,6,44,0,268,192,0,197,273,83400.96,0
01-12-2024,SKU-022,Office Product 22,Office Supplies,434.38,6,44,0,224,148,1,169,244,64288.24,0
01-01-2025,SKU-022,Office Product 22,Office Supplies,434.38,6,44,0,222,171,1,164,214,74278.98,0
01-02-2025,SKU-022,Office Product 22,Office Supplies,434.38,6,44,0,135,228,3,241,145,99038.64,0
01-03-2025,SKU-022,Office Product 22,Office Supplies,434.38,6,44,0,250,281,2,283,250,122060.78,0
01-04-2025,SKU-022,Office Product 22,Office Supplies,434.38,6,44,0,362,293,1,298,366,127273.34,0
01-05-2025,SKU-022,Office Product 22,Office Supplies,434.38,6,44,0,277,230,4,223,266,99907.4,0
01-06-2025,SKU-022,Office Product 22,Office Supplies,434.38,6,44,0,197,272,5,299,219,118151.36,0
01-07-2025,SKU-022,Office Product 22,Office Supplies,434.38,6,44,0,193,243,5,249,194,105554.34,0
01-08-2025,SKU-022,Office Product 22,Office Supplies,434.38,6,44,0,102,229,7,262,128,99473.02,0
01-09-2025,SKU-022,Office Product 22,Office Supplies,434.38,6,44,0,318,202,2,189,303,87744.76,0
01-10-2025,SKU-022,Office Product 22,Office Supplies,434.38,6,44,0,184,169,4,186,197,73410.22,0
01-11-2025,SKU-022,Office Product 22,Office Supplies,434.38,6,44,0,270,209,2,227,286,90785.42,0
01-12-2025,SKU-022,Office Product 22,Office Supplies,434.38,6,44,0,275,194,1,209,289,84269.72,0
01-01-2024,SKU-023,Personal Product 23,Personal Care,523.95,10,16,0,220,161,5,175,229,84355.95,0
01-02-2024,SKU-023,Personal Product 23,Personal Care,523.95,10,16,0,139,167,2,151,121,87499.65,0
01-03-2024,SKU-023,Personal Product 23,Personal Care,523.95,10,16,0,248,177,6,175,240,92739.15,0
01-04-2024,SKU-023,Personal Product 23,Personal Care,523.95,10,16,0,142,180,3,211,170,94311,0
01-05-2024,SKU-023,Personal Product 23,Personal Care,523.95,10,16,0,214,156,3,146,201,81736.2,0
01-06-2024,SKU-023,Personal Product 23,Personal Care,523.95,10,16,1,131,176,3,192,144,92215.2,0
01-07-2024,SKU-023,Personal Product 23,Personal Care,523.95,10,16,0,216,147,1,168,236,77020.65,0
01-08-2024,SKU-023,Personal Product 23,Personal Care,523.95,10,16,0,144,91,3,100,150,47679.45,0
01-09-2024,SKU-023,Personal Product 23,Personal Care,523.95,10,16,0,139,100,0,92,131,52395,0
01-10-2024,SKU-023,Personal Product 23,Personal Care,523.95,10,16,1,119,81,1,74,111,42439.95,0
01-11-2024,SKU-023,Personal Product 23,Personal Care,523.95,10,16,0,113,102,1,118,128,53442.9,0
01-12-2024,SKU-023,Personal Product 23,Personal Care,523.95,10,16,0,95,88,2,82,87,46107.6,0
01-01-2025,SKU-023,Personal Product 23,Personal Care,523.95,10,16,0,154,128,1,145,170,67065.6,0
01-02-2025,SKU-023,Personal Product 23,Personal Care,523.95,10,16,0,185,175,3,169,176,91691.25,0
01-03-2025,SKU-023,Personal Product 23,Personal Care,523.95,10,16,0,135,140,3,166,158,73353,0
01-04-2025,SKU-023,Personal Product 23,Personal Care,523.95,10,16,0,215,142,0,140,213,74400.9,0
01-05-2025,SKU-023,Personal Product 23,Personal Care,523.95,10,16,0,152,145,2,173,178,75972.75,0
01-06-2025,SKU-023,Personal Product 23,Personal Care,523.95,10,16,0,188,118,1,138,207,61826.1,0
01-07-2025,SKU-023,Personal Product 23,Personal Care,523.95,10,16,0,136,118,6,140,152,61826.1,0
01-08-2025,SKU-023,Personal Product 23,Personal Care,523.95,10,16,1,202,150,2,159,209,78592.5,0
01-09-2025,SKU-023,Personal Product 23,Personal Care,523.95,10,16,0,35,76,2,72,29,39820.2,0
01-10-2025,SKU-023,Personal Product 23,Personal Care,523.95,10,16,0,165,108,0,100,157,56586.6,0
01-11-2025,SKU-023,Personal Product 23,Personal Care,523.95,10,16,0,118,104,0,112,126,54490.8,0
01-12-2025,SKU-023,Personal Product 23,Personal Care,523.95,10,16,0,140,110,1,112,141,57634.5,0
01-01-2024,SKU-024,Electronics Product 24,Electronics,1235.35,8,52,0,127,103,1,111,134,127241.05,0
01-02-2024,SKU-024,Electronics Product 24,Electronics,1235.35,8,52,0,59,114,0,115,60,140829.9,0
01-03-2024,SKU-024,Electronics Product 24,Electronics,1235.35,8,52,0,167,115,3,109,158,142065.25,0
01-04-2024,SKU-024,Electronics Product 24,Electronics,1235.35,8,52,0,111,116,3,115,107,143300.6,0
01-05-2024,SKU-024,Electronics Product 24,Electronics,1235.35,8,52,0,149,123,3,117,140,151948.05,0
01-06-2024,SKU-024,Electronics Product 24,Electronics,1235.35,8,52,0,159,117,2,126,166,144535.95,0
01-07-2024,SKU-024,Electronics Product 24,Electronics,1235.35,8,52,0,144,134,3,129,136,165536.9,0
01-08-2024,SKU-024,Electronics Product 24,Electronics,1235.35,8,52,0,65,119,1,111,56,147006.65,0
01-09-2024,SKU-024,Electronics Product 24,Electronics,1235.35,8,52,0,104,145,3,139,95,179125.75,0
01-10-2024,SKU-024,Electronics Product 24,Electronics,1235.35,8,52,0,184,121,0,116,179,149477.35,0
01-11-2024,SKU-024,Electronics Product 24,Electronics,1235.35,8,52,0,51,124,2,127,52,153183.4,0
01-12-2024,SKU-024,Electronics Product 24,Electronics,1235.35,8,52,0,186,134,0,153,205,165536.9,0
01-01-2025,SKU-024,Electronics Product 24,Electronics,1235.35,8,52,0,198,154,3,145,186,190243.9,0
01-02-2025,SKU-024,Electronics Product 24,Electronics,1235.35,8,52,0,138,143,5,137,127,176655.05,0
01-03-2025,SKU-024,Electronics Product 24,Electronics,1235.35,8,52,0,237,158,3,147,223,195185.3,0
01-04-2025,SKU-024,Electronics Product 24,Electronics,1235.35,8,52,0,146,155,4,166,153,191479.25,0
01-05-2025,SKU-024,Electronics Product 24,Electronics,1235.35,8,52,0,219,172,2,190,235,212480.2,0
01-06-2025,SKU-024,Electronics Product 24,Electronics,1235.35,8,52,0,103,171,2,188,118,211244.85,0
01-07-2025,SKU-024,Electronics Product 24,Electronics,1235.35,8,52,0,77,172,3,205,107,212480.2,0
01-08-2025,SKU-024,Electronics Product 24,Electronics,1235.35,8,52,1,98,164,2,171,103,202597.4,0
01-09-2025,SKU-024,Electronics Product 24,Electronics,1235.35,8,52,0,179,134,1,133,177,165536.9,0
01-10-2025,SKU-024,Electronics Product 24,Electronics,1235.35,8,52,0,200,157,4,186,225,193949.95,0
01-11-2025,SKU-024,Electronics Product 24,Electronics,1235.35,8,52,0,236,172,1,164,227,212480.2,0
01-12-2025,SKU-024,Electronics Product 24,Electronics,1235.35,8,52,0,264,171,3,163,253,211244.85,0
01-01-2024,SKU-025,Electronics Product 25,Electronics,1407.58,14,37,0,146,135,2,151,160,190023.3,0
01-02-2024,SKU-025,Electronics Product 25,Electronics,1407.58,14,37,0,108,131,0,133,110,184392.98,0
01-03-2024,SKU-025,Electronics Product 25,Electronics,1407.58,14,37,0,104,163,3,178,116,229435.54,0
01-04-2024,SKU-025,Electronics Product 25,Electronics,1407.58,14,37,0,118,168,1,192,141,236473.44,0
01-05-2024,SKU-025,Electronics Product 25,Electronics,1407.58,14,37,0,148,146,2,139,139,205506.68,0
01-06-2024,SKU-025,Electronics Product 25,Electronics,1407.58,14,37,0,168,137,2,125,154,192838.46,0
01-07-2024,SKU-025,Electronics Product 25,Electronics,1407.58,14,37,0,61,117,2,116,58,164686.86,0
01-08-2024,SKU-025,Electronics Product 25,Electronics,1407.58,14,37,0,118,94,1,85,108,132312.52,0
01-09-2024,SKU-025,Electronics Product 25,Electronics,1407.58,14,37,0,58,108,1,113,62,152018.64,0
01-10-2024,SKU-025,Electronics Product 25,Electronics,1407.58,14,37,0,116,103,1,117,129,144980.74,0
01-11-2024,SKU-025,Electronics Product 25,Electronics,1407.58,14,37,0,136,101,0,96,131,142165.58,0
01-12-2024,SKU-025,Electronics Product 25,Electronics,1407.58,14,37,0,141,101,2,92,130,142165.58,0
01-01-2025,SKU-025,Electronics Product 25,Electronics,1407.58,14,37,0,158,141,2,142,157,198468.78,0
01-02-2025,SKU-025,Electronics Product 25,Electronics,1407.58,14,37,0,117,147,2,144,112,206914.26,0
01-03-2025,SKU-025,Electronics Product 25,Electronics,1407.58,14,37,0,102,157,3,175,117,220990.06,0
01-04-2025,SKU-025,Electronics Product 25,Electronics,1407.58,14,37,0,65,164,2,154,53,230843.12,0
01-05-2025,SKU-025,Electronics Product 25,Electronics,1407.58,14,37,0,128,106,1,111,132,149203.48,0
01-06-2025,SKU-025,Electronics Product 25,Electronics,1407.58,14,37,1,111,131,2,133,111,184392.98,0
01-07-2025,SKU-025,Electronics Product 25,Electronics,1407.58,14,37,0,188,121,1,115,181,170317.18,0
01-08-2025,SKU-025,Electronics Product 25,Electronics,1407.58,14,37,0,72,112,2,105,63,157648.96,0
01-09-2025,SKU-025,Electronics Product 25,Electronics,1407.58,14,37,0,137,91,0,96,142,128089.78,0
01-10-2025,SKU-025,Electronics Product 25,Electronics,1407.58,14,37,0,150,129,4,141,158,181577.82,0
01-11-2025,SKU-025,Electronics Product 25,Electronics,1407.58,14,37,0,107,109,2,117,113,153426.22,0
01-12-2025,SKU-025,Electronics Product 25,Electronics,1407.58,14,37,0,58,114,3,133,74,160464.12,0
01-01-2024,SKU-026,Home Product 26,Home & Kitchen,1291.4,9,25,0,191,160,3,159,187,206624,0
01-02-2024,SKU-026,Home Product 26,Home & Kitchen,1291.4,9,25,0,210,163,4,181,224,210498.2,0
01-03-2024,SKU-026,Home Product 26,Home & Kitchen,1291.4,9,25,0,194,200,1,223,216,258280,0
01-04-2024,SKU-026,Home Product 26,Home & Kitchen,1291.4,9,25,0,114,183,2,194,123,236326.2,0
01-05-2024,SKU-026,Home Product 26,Home & Kitchen,1291.4,9,25,0,296,246,4,283,329,317684.4,0
01-06-2024,SKU-026,Home Product 26,Home & Kitchen,1291.4,9,25,0,278,190,3,194,279,245366,0
01-07-2024,SKU-026,Home Product 26,Home & Kitchen,1291.4,9,25,0,134,177,2,209,164,228577.8,0
01-08-2024,SKU-026,Home Product 26,Home & Kitchen,1291.4,9,25,0,179,170,1,153,161,219538,0
01-09-2024,SKU-026,Home Product 26,Home & Kitchen,1291.4,9,25,1,156,155,2,180,179,200167,0
01-10-2024,SKU-026,Home Product 26,Home & Kitchen,1291.4,9,25,0,162,136,2,125,149,175630.4,0
01-11-2024,SKU-026,Home Product 26,Home & Kitchen,1291.4,9,25,0,120,133,2,145,130,171756.2,0
01-12-2024,SKU-026,Home Product 26,Home & Kitchen,1291.4,9,25,0,153,138,2,137,150,178213.2,0
01-01-2025,SKU-026,Home Product 26,Home & Kitchen,1291.4,9,25,1,207,230,1,221,197,297022,0
01-02-2025,SKU-026,Home Product 26,Home & Kitchen,1291.4,9,25,0,274,194,0,227,307,250531.6,0
01-03-2025,SKU-026,Home Product 26,Home & Kitchen,1291.4,9,25,0,177,209,3,209,174,269902.6,0
01-04-2025,SKU-026,Home Product 26,Home & Kitchen,1291.4,9,25,0,138,204,2,244,176,263445.6,0
01-05-2025,SKU-026,Home Product 26,Home & Kitchen,1291.4,9,25,0,225,237,6,268,250,306061.8,0
01-06-2025,SKU-026,Home Product 26,Home & Kitchen,1291.4,9,25,1,180,222,7,246,197,286690.8,0
01-07-2025,SKU-026,Home Product 26,Home & Kitchen,1291.4,9,25,0,113,164,3,162,108,211789.6,0
01-08-2025,SKU-026,Home Product 26,Home & Kitchen,1291.4,9,25,0,184,173,0,165,176,223412.2,0
01-09-2025,SKU-026,Home Product 26,Home & Kitchen,1291.4,9,25,0,67,142,4,168,89,183378.8,0
01-10-2025,SKU-026,Home Product 26,Home & Kitchen,1291.4,9,25,0,203,152,1,144,194,196292.8,0
01-11-2025,SKU-026,Home Product 26,Home & Kitchen,1291.4,9,25,0,101,162,0,189,128,209206.8,0
01-12-2025,SKU-026,Home Product 26,Home & Kitchen,1291.4,9,25,0,135,194,1,230,170,250531.6,0
01-01-2024,SKU-027,Home Product 27,Home & Kitchen,1248.5,11,30,0,339,215,0,245,369,268427.5,0
01-02-2024,SKU-027,Home Product 27,Home & Kitchen,1248.5,11,30,0,368,264,7,273,370,329604,0
01-03-2024,SKU-027,Home Product 27,Home & Kitchen,1248.5,11,30,0,446,290,3,277,430,362065,0
01-04-2024,SKU-027,Home Product 27,Home & Kitchen,1248.5,11,30,0,215,215,5,239,234,268427.5,0
01-05-2024,SKU-027,Home Product 27,Home & Kitchen,1248.5,11,30,0,425,307,9,361,470,383289.5,0
01-06-2024,SKU-027,Home Product 27,Home & Kitchen,1248.5,11,30,0,360,231,6,237,360,288403.5,0
01-07-2024,SKU-027,Home Product 27,Home & Kitchen,1248.5,11,30,0,196,230,5,239,200,287155,0
01-08-2024,SKU-027,Home Product 27,Home & Kitchen,1248.5,11,30,0,217,199,2,183,199,248451.5,0
01-09-2024,SKU-027,Home Product 27,Home & Kitchen,1248.5,11,30,0,107,166,1,176,116,207251,0
01-10-2024,SKU-027,Home Product 27,Home & Kitchen,1248.5,11,30,0,171,211,3,241,198,263433.5,0
01-11-2024,SKU-027,Home Product 27,Home & Kitchen,1248.5,11,30,0,329,227,3,209,308,283409.5,0
01-12-2024,SKU-027,Home Product 27,Home & Kitchen,1248.5,11,30,0,233,233,4,209,205,290900.5,0
01-01-2025,SKU-027,Home Product 27,Home & Kitchen,1248.5,11,30,0,96,192,2,223,125,239712,0
01-02-2025,SKU-027,Home Product 27,Home & Kitchen,1248.5,11,30,0,239,225,4,264,274,280912.5,0
01-03-2025,SKU-027,Home Product 27,Home & Kitchen,1248.5,11,30,0,232,180,7,164,209,224730,0
01-04-2025,SKU-027,Home Product 27,Home & Kitchen,1248.5,11,30,0,186,216,0,198,168,269676,0
01-05-2025,SKU-027,Home Product 27,Home & Kitchen,1248.5,11,30,0,290,296,3,319,310,369556,0
01-06-2025,SKU-027,Home Product 27,Home & Kitchen,1248.5,11,30,0,175,201,1,212,185,250948.5,0
01-07-2025,SKU-027,Home Product 27,Home & Kitchen,1248.5,11,30,0,80,189,6,173,58,235966.5,0
01-08-2025,SKU-027,Home Product 27,Home & Kitchen,1248.5,11,30,0,304,213,2,238,327,265930.5,0
01-09-2025,SKU-027,Home Product 27,Home & Kitchen,1248.5,11,30,1,362,257,6,239,338,320864.5,0
01-10-2025,SKU-027,Home Product 27,Home & Kitchen,1248.5,11,30,0,191,174,1,185,201,217239,0
01-11-2025,SKU-027,Home Product 27,Home & Kitchen,1248.5,11,30,0,156,210,4,197,139,262185,0
01-12-2025,SKU-027,Home Product 27,Home & Kitchen,1248.5,11,30,0,102,162,6,179,113,202257,0
01-01-2024,SKU-028,Grocery Product 28,Grocery,1837.13,2,17,0,309,198,2,214,323,363751.74,0
01-02-2024,SKU-028,Grocery Product 28,Grocery,1837.13,2,17,0,203,181,4,196,214,332520.53,0
01-03-2024,SKU-028,Grocery Product 28,Grocery,1837.13,2,17,0,75,121,1,138,91,222292.73,0
01-04-2024,SKU-028,Grocery Product 28,Grocery,1837.13,2,17,0,137,168,3,179,145,308637.84,0
01-05-2024,SKU-028,Grocery Product 28,Grocery,1837.13,2,17,1,147,184,2,191,152,338031.92,0
01-06-2024,SKU-028,Grocery Product 28,Grocery,1837.13,2,17,1,255,198,0,211,268,363751.74,0
01-07-2024,SKU-028,Grocery Product 28,Grocery,1837.13,2,17,0,103,196,2,180,85,360077.48,0
01-08-2024,SKU-028,Grocery Product 28,Grocery,1837.13,2,17,0,203,154,1,161,209,282918.02,0
01-09-2024,SKU-028,Grocery Product 28,Grocery,1837.13,2,17,0,177,127,0,116,166,233315.51,0
01-10-2024,SKU-028,Grocery Product 28,Grocery,1837.13,2,17,0,206,146,0,150,210,268220.98,0
01-11-2024,SKU-028,Grocery Product 28,Grocery,1837.13,2,17,0,71,135,3,134,67,248012.55,0
01-12-2024,SKU-028,Grocery Product 28,Grocery,1837.13,2,17,0,226,145,0,163,244,266383.85,0
01-01-2025,SKU-028,Grocery Product 28,Grocery,1837.13,2,17,1,235,180,3,188,240,330683.4,0
01-02-2025,SKU-028,Grocery Product 28,Grocery,1837.13,2,17,0,261,175,2,182,266,321497.75,0
01-03-2025,SKU-028,Grocery Product 28,Grocery,1837.13,2,17,0,53,128,3,119,41,235152.64,0
01-04-2025,SKU-028,Grocery Product 28,Grocery,1837.13,2,17,1,290,191,2,211,308,350891.83,0
01-05-2025,SKU-028,Grocery Product 28,Grocery,1837.13,2,17,0,104,163,6,161,96,299452.19,0
01-06-2025,SKU-028,Grocery Product 28,Grocery,1837.13,2,17,0,131,136,3,153,145,249849.68,0
01-07-2025,SKU-028,Grocery Product 28,Grocery,1837.13,2,17,0,93,143,2,170,118,262709.59,0
01-08-2025,SKU-028,Grocery Product 28,Grocery,1837.13,2,17,0,62,148,2,158,70,271895.24,0
01-09-2025,SKU-028,Grocery Product 28,Grocery,1837.13,2,17,0,248,166,1,176,257,304963.58,0
01-10-2025,SKU-028,Grocery Product 28,Grocery,1837.13,2,17,0,179,138,1,162,202,253523.94,0
01-11-2025,SKU-028,Grocery Product 28,Grocery,1837.13,2,17,1,187,142,2,157,200,260872.46,0
01-12-2025,SKU-028,Grocery Product 28,Grocery,1837.13,2,17,1,145,197,3,200,145,361914.61,0
01-01-2024,SKU-029,Personal Product 29,Personal Care,193.72,5,39,0,184,187,5,201,193,36225.64,0
01-02-2024,SKU-029,Personal Product 29,Personal Care,193.72,5,39,0,112,166,1,195,140,32157.52,0
01-03-2024,SKU-029,Personal Product 29,Personal Care,193.72,5,39,0,340,251,5,251,335,48623.72,0
01-04-2024,SKU-029,Personal Product 29,Personal Care,193.72,5,39,0,107,193,2,227,139,37387.96,0
01-05-2024,SKU-029,Personal Product 29,Personal Care,193.72,5,39,0,244,262,5,292,269,50754.64,0
01-06-2024,SKU-029,Personal Product 29,Personal Care,193.72,5,39,1,104,239,6,223,82,46299.08,0
01-07-2024,SKU-029,Personal Product 29,Personal Care,193.72,5,39,0,140,181,1,207,165,35063.32,0
01-08-2024,SKU-029,Personal Product 29,Personal Care,193.72,5,39,0,220,175,4,184,225,33901,0
01-09-2024,SKU-029,Personal Product 29,Personal Care,193.72,5,39,1,137,173,1,179,142,33513.56,0
01-10-2024,SKU-029,Personal Product 29,Personal Care,193.72,5,39,0,172,138,1,138,171,26733.36,0
01-11-2024,SKU-029,Personal Product 29,Personal Care,193.72,5,39,0,111,178,1,161,93,34482.16,0
01-12-2024,SKU-029,Personal Product 29,Personal Care,193.72,5,39,0,203,188,4,203,214,36419.36,0
01-01-2025,SKU-029,Personal Product 29,Personal Care,193.72,5,39,0,101,220,3,259,137,42618.4,0
01-02-2025,SKU-029,Personal Product 29,Personal Care,193.72,5,39,0,251,228,5,253,271,44168.16,0
01-03-2025,SKU-029,Personal Product 29,Personal Care,193.72,5,39,0,119,222,2,204,99,43005.84,0
01-04-2025,SKU-029,Personal Product 29,Personal Care,193.72,5,39,0,273,202,3,202,270,39131.44,0
01-05-2025,SKU-029,Personal Product 29,Personal Care,193.72,5,39,0,316,258,4,273,327,49979.76,0
01-06-2025,SKU-029,Personal Product 29,Personal Care,193.72,5,39,0,137,248,5,227,111,48042.56,0
01-07-2025,SKU-029,Personal Product 29,Personal Care,193.72,5,39,0,114,205,1,225,133,39712.6,0
01-08-2025,SKU-029,Personal Product 29,Personal Care,193.72,5,39,0,81,187,1,218,111,36225.64,0
01-09-2025,SKU-029,Personal Product 29,Personal Care,193.72,5,39,0,119,175,4,196,136,33901,0
01-10-2025,SKU-029,Personal Product 29,Personal Care,193.72,5,39,0,237,168,1,177,245,32544.96,0
01-11-2025,SKU-029,Personal Product 29,Personal Care,193.72,5,39,0,140,196,5,184,123,37969.12,0
01-12-2025,SKU-029,Personal Product 29,Personal Care,193.72,5,39,0,276,225,3,237,285,43587,0
01-01-2024,SKU-030,Personal Product 30,Personal Care,856.81,12,28,0,183,223,1,226,185,191068.63,0
01-02-2024,SKU-030,Personal Product 30,Personal Care,856.81,12,28,0,304,194,2,192,300,166221.14,0
01-03-2024,SKU-030,Personal Product 30,Personal Care,856.81,12,28,0,136,287,5,316,160,245904.47,0
01-04-2024,SKU-030,Personal Product 30,Personal Care,856.81,12,28,0,185,195,3,224,211,167077.95,0
01-05-2024,SKU-030,Personal Product 30,Personal Care,856.81,12,28,0,239,268,3,258,226,229625.08,0
01-06-2024,SKU-030,Personal Product 30,Personal Care,856.81,12,28,0,290,188,2,224,324,161080.28,0
01-07-2024,SKU-030,Personal Product 30,Personal Care,856.81,12,28,0,232,187,6,171,210,160223.47,0
01-08-2024,SKU-030,Personal Product 30,Personal Care,856.81,12,28,0,136,182,4,208,158,155939.42,0
01-09-2024,SKU-030,Personal Product 30,Personal Care,856.81,12,28,0,230,213,5,239,251,182500.53,0
01-10-2024,SKU-030,Personal Product 30,Personal Care,856.81,12,28,0,98,214,5,225,104,183357.34,0
01-11-2024,SKU-030,Personal Product 30,Personal Care,856.81,12,28,0,110,156,1,155,108,133662.36,0
01-12-2024,SKU-030,Personal Product 30,Personal Care,856.81,12,28,0,286,209,4,236,309,179073.29,0
01-01-2025,SKU-030,Personal Product 30,Personal Care,856.81,12,28,0,117,237,5,258,133,203063.97,0
01-02-2025,SKU-030,Personal Product 30,Personal Care,856.81,12,28,0,306,226,2,250,328,193639.06,0
01-03-2025,SKU-030,Personal Product 30,Personal Care,856.81,12,28,0,141,264,5,243,115,226197.84,0
01-04-2025,SKU-030,Personal Product 30,Personal Care,856.81,12,28,0,456,298,2,302,458,255329.38,0
01-05-2025,SKU-030,Personal Product 30,Personal Care,856.81,12,28,0,448,281,3,281,445,240763.61,0
01-06-2025,SKU-030,Personal Product 30,Personal Care,856.81,12,28,0,354,279,2,309,382,239049.99,0
01-07-2025,SKU-030,Personal Product 30,Personal Care,856.81,12,28,0,382,275,5,277,379,235622.75,0
01-08-2025,SKU-030,Personal Product 30,Personal Care,856.81,12,28,0,390,258,2,268,398,221056.98,0
01-09-2025,SKU-030,Personal Product 30,Personal Care,856.81,12,28,0,185,224,2,233,192,191925.44,0
01-10-2025,SKU-030,Personal Product 30,Personal Care,856.81,12,28,0,207,175,3,164,193,149941.75,0
01-11-2025,SKU-030,Personal Product 30,Personal Care,856.81,12,28,0,338,244,3,268,359,209061.64,0
01-12-2025,SKU-030,Personal Product 30,Personal Care,856.81,12,28,0,364,244,5,227,342,209061.64,0
01-01-2024,SKU-031,Home Product 31,Home & Kitchen,2121.82,3,43,0,75,121,1,115,68,256740.22,0
01-02-2024,SKU-031,Home Product 31,Home & Kitchen,2121.82,3,43,0,129,119,2,108,116,252496.58,0
01-03-2024,SKU-031,Home Product 31,Home & Kitchen,2121.82,3,43,0,142,111,1,100,130,235522.02,0
01-04-2024,SKU-031,Home Product 31,Home & Kitchen,2121.82,3,43,0,61,111,3,111,58,235522.02,0
01-05-2024,SKU-031,Home Product 31,Home & Kitchen,2121.82,3,43,0,198,144,2,134,186,305542.08,0
01-06-2024,SKU-031,Home Product 31,Home & Kitchen,2121.82,3,43,0,194,137,4,154,207,290689.34,0
01-07-2024,SKU-031,Home Product 31,Home & Kitchen,2121.82,3,43,0,65,109,1,117,72,231278.38,0
01-08-2024,SKU-031,Home Product 31,Home & Kitchen,2121.82,3,43,0,211,141,1,147,216,299176.62,0
01-09-2024,SKU-031,Home Product 31,Home & Kitchen,2121.82,3,43,0,89,131,2,143,99,277958.42,0
01-10-2024,SKU-031,Home Product 31,Home & Kitchen,2121.82,3,43,0,104,118,3,122,105,250374.76,0
01-11-2024,SKU-031,Home Product 31,Home & Kitchen,2121.82,3,43,1,94,131,2,153,114,277958.42,0
01-12-2024,SKU-031,Home Product 31,Home & Kitchen,2121.82,3,43,0,175,118,0,129,186,250374.76,0
01-01-2025,SKU-031,Home Product 31,Home & Kitchen,2121.82,3,43,0,70,138,3,136,65,292811.16,0
01-02-2025,SKU-031,Home Product 31,Home & Kitchen,2121.82,3,43,0,86,151,1,171,105,320394.82,0
01-03-2025,SKU-031,Home Product 31,Home & Kitchen,2121.82,3,43,0,199,132,0,125,192,280080.24,0
01-04-2025,SKU-031,Home Product 31,Home & Kitchen,2121.82,3,43,0,184,160,3,176,197,339491.2,0
01-05-2025,SKU-031,Home Product 31,Home & Kitchen,2121.82,3,43,0,183,152,4,168,195,322516.64,0
01-06-2025,SKU-031,Home Product 31,Home & Kitchen,2121.82,3,43,1,246,165,4,187,264,350100.3,0
01-07-2025,SKU-031,Home Product 31,Home & Kitchen,2121.82,3,43,0,204,134,2,158,226,284323.88,0
01-08-2025,SKU-031,Home Product 31,Home & Kitchen,2121.82,3,43,0,257,172,3,168,250,364953.04,0
01-09-2025,SKU-031,Home Product 31,Home & Kitchen,2121.82,3,43,0,150,131,1,132,150,277958.42,0
01-10-2025,SKU-031,Home Product 31,Home & Kitchen,2121.82,3,43,0,82,156,3,168,91,331003.92,0
01-11-2025,SKU-031,Home Product 31,Home & Kitchen,2121.82,3,43,0,224,144,3,158,235,305542.08,0
01-12-2025,SKU-031,Home Product 31,Home & Kitchen,2121.82,3,43,0,246,158,2,188,274,335247.56,0
01-01-2024,SKU-032,Personal Product 32,Personal Care,595.95,14,17,0,77,62,1,65,79,36948.9,0
01-02-2024,SKU-032,Personal Product 32,Personal Care,595.95,14,17,0,29,70,0,64,23,41716.5,0
01-03-2024,SKU-032,Personal Product 32,Personal Care,595.95,14,17,0,87,89,1,88,85,53039.55,0
01-04-2024,SKU-032,Personal Product 32,Personal Care,595.95,14,17,0,89,89,2,100,98,53039.55,0
01-05-2024,SKU-032,Personal Product 32,Personal Care,595.95,14,17,0,94,66,0,71,99,39332.7,0
01-06-2024,SKU-032,Personal Product 32,Personal Care,595.95,14,17,0,126,85,3,82,120,50655.75,0
01-07-2024,SKU-032,Personal Product 32,Personal Care,595.95,14,17,0,59,73,1,75,60,43504.35,0
01-08-2024,SKU-032,Personal Product 32,Personal Care,595.95,14,17,0,85,71,3,79,90,42312.45,0
01-09-2024,SKU-032,Personal Product 32,Personal Care,595.95,14,17,0,89,69,1,66,85,41120.55,0
01-10-2024,SKU-032,Personal Product 32,Personal Care,595.95,14,17,0,51,71,0,82,62,42312.45,0
01-11-2024,SKU-032,Personal Product 32,Personal Care,595.95,14,17,1,78,72,1,66,71,42908.4,0
01-12-2024,SKU-032,Personal Product 32,Personal Care,595.95,14,17,0,33,73,1,77,36,43504.35,0
01-01-2025,SKU-032,Personal Product 32,Personal Care,595.95,14,17,0,122,85,1,83,119,50655.75,0
01-02-2025,SKU-032,Personal Product 32,Personal Care,595.95,14,17,0,137,109,0,117,145,64958.55,0
01-03-2025,SKU-032,Personal Product 32,Personal Care,595.95,14,17,0,99,105,3,122,113,62574.75,0
01-04-2025,SKU-032,Personal Product 32,Personal Care,595.95,14,17,0,45,98,2,97,42,58403.1,0
01-05-2025,SKU-032,Personal Product 32,Personal Care,595.95,14,17,0,91,100,2,111,100,59595,0
01-06-2025,SKU-032,Personal Product 32,Personal Care,595.95,14,17,0,40,99,3,117,55,58999.05,0
01-07-2025,SKU-032,Personal Product 32,Personal Care,595.95,14,17,0,62,94,0,96,64,56019.3,0
01-08-2025,SKU-032,Personal Product 32,Personal Care,595.95,14,17,0,122,81,4,77,114,48271.95,0
01-09-2025,SKU-032,Personal Product 32,Personal Care,595.95,14,17,0,122,86,1,103,138,51251.7,0
01-10-2025,SKU-032,Personal Product 32,Personal Care,595.95,14,17,0,91,79,3,73,82,47080.05,0
01-11-2025,SKU-032,Personal Product 32,Personal Care,595.95,14,17,0,45,80,0,92,57,47676,0
01-12-2025,SKU-032,Personal Product 32,Personal Care,595.95,14,17,0,115,96,0,88,107,57211.2,0
01-01-2024,SKU-033,Personal Product 33,Personal Care,2077.79,13,16,0,171,164,2,154,159,340757.56,0
01-02-2024,SKU-033,Personal Product 33,Personal Care,2077.79,13,16,0,82,182,1,216,115,378157.78,0
01-03-2024,SKU-033,Personal Product 33,Personal Care,2077.79,13,16,0,178,188,3,199,186,390624.52,0
01-04-2024,SKU-033,Personal Product 33,Personal Care,2077.79,13,16,0,243,185,1,194,251,384391.15,0
01-05-2024,SKU-033,Personal Product 33,Personal Care,2077.79,13,16,0,199,195,3,231,232,405169.05,0
01-06-2024,SKU-033,Personal Product 33,Personal Care,2077.79,13,16,0,142,151,4,158,145,313746.29,0
01-07-2024,SKU-033,Personal Product 33,Personal Care,2077.79,13,16,0,220,155,1,158,222,322057.45,0
01-08-2024,SKU-033,Personal Product 33,Personal Care,2077.79,13,16,0,82,116,0,107,73,241023.64,0
01-09-2024,SKU-033,Personal Product 33,Personal Care,2077.79,13,16,0,104,126,0,136,114,261801.54,0
01-10-2024,SKU-033,Personal Product 33,Personal Care,2077.79,13,16,0,131,105,1,101,126,218167.95,0
01-11-2024,SKU-033,Personal Product 33,Personal Care,2077.79,13,16,0,136,104,1,115,146,216090.16,0
01-12-2024,SKU-033,Personal Product 33,Personal Care,2077.79,13,16,0,191,135,5,137,188,280501.65,0
01-01-2025,SKU-033,Personal Product 33,Personal Care,2077.79,13,16,0,139,128,3,134,142,265957.12,0
01-02-2025,SKU-033,Personal Product 33,Personal Care,2077.79,13,16,0,67,98,2,91,58,203623.42,0
01-03-2025,SKU-033,Personal Product 33,Personal Care,2077.79,13,16,1,190,181,2,180,187,376079.99,0
01-04-2025,SKU-033,Personal Product 33,Personal Care,2077.79,13,16,0,116,169,3,165,109,351146.51,0
01-05-2025,SKU-033,Personal Product 33,Personal Care,2077.79,13,16,0,211,159,1,163,214,330368.61,0
01-06-2025,SKU-033,Personal Product 33,Personal Care,2077.79,13,16,0,112,176,3,203,136,365691.04,0
01-07-2025,SKU-033,Personal Product 33,Personal Care,2077.79,13,16,0,167,169,2,161,157,351146.51,0
01-08-2025,SKU-033,Personal Product 33,Personal Care,2077.79,13,16,0,95,112,1,133,115,232712.48,0
01-09-2025,SKU-033,Personal Product 33,Personal Care,2077.79,13,16,1,46,101,3,111,53,209856.79,0
01-10-2025,SKU-033,Personal Product 33,Personal Care,2077.79,13,16,0,153,113,0,135,175,234790.27,0
01-11-2025,SKU-033,Personal Product 33,Personal Care,2077.79,13,16,0,70,83,0,81,68,172456.57,0
01-12-2025,SKU-033,Personal Product 33,Personal Care,2077.79,13,16,0,65,125,1,113,52,259723.75,0
01-01-2024,SKU-034,Electronics Product 34,Electronics,2135.7,4,25,0,273,172,1,175,275,367340.4,0
01-02-2024,SKU-034,Electronics Product 34,Electronics,2135.7,4,25,0,198,163,2,171,204,348119.1,0
01-03-2024,SKU-034,Electronics Product 34,Electronics,2135.7,4,25,0,259,177,1,198,279,378018.9,0
01-04-2024,SKU-034,Electronics Product 34,Electronics,2135.7,4,25,0,166,227,4,235,170,484803.9,0
01-05-2024,SKU-034,Electronics Product 34,Electronics,2135.7,4,25,0,98,143,3,145,97,305405.1,0
01-06-2024,SKU-034,Electronics Product 34,Electronics,2135.7,4,25,0,99,195,1,190,93,416461.5,0
01-07-2024,SKU-034,Electronics Product 34,Electronics,2135.7,4,25,0,213,175,4,198,232,373747.5,0
01-08-2024,SKU-034,Electronics Product 34,Electronics,2135.7,4,25,0,192,188,3,184,185,401511.6,0
01-09-2024,SKU-034,Electronics Product 34,Electronics,2135.7,4,25,0,222,144,2,137,213,307540.8,0
01-10-2024,SKU-034,Electronics Product 34,Electronics,2135.7,4,25,0,134,134,2,120,118,286183.8,0
01-11-2024,SKU-034,Electronics Product 34,Electronics,2135.7,4,25,0,191,150,2,144,183,320355,0
01-12-2024,SKU-034,Electronics Product 34,Electronics,2135.7,4,25,0,57,140,1,133,49,298998,0
01-01-2025,SKU-034,Electronics Product 34,Electronics,2135.7,4,25,0,89,202,2,205,90,431411.4,0
01-02-2025,SKU-034,Electronics Product 34,Electronics,2135.7,4,25,0,287,194,5,201,289,414325.8,0
01-03-2025,SKU-034,Electronics Product 34,Electronics,2135.7,4,25,0,198,189,9,218,218,403647.3,0
01-04-2025,SKU-034,Electronics Product 34,Electronics,2135.7,4,25,0,205,220,1,223,207,469854,0
01-05-2025,SKU-034,Electronics Product 34,Electronics,2135.7,4,25,0,314,202,1,226,337,431411.4,0
01-06-2025,SKU-034,Electronics Product 34,Electronics,2135.7,4,25,0,220,177,5,160,198,378018.9,0
01-07-2025,SKU-034,Electronics Product 34,Electronics,2135.7,4,25,0,190,170,2,171,189,363069,0
01-08-2025,SKU-034,Electronics Product 34,Electronics,2135.7,4,25,0,208,194,4,185,195,414325.8,0
01-09-2025,SKU-034,Electronics Product 34,Electronics,2135.7,4,25,0,174,187,2,192,177,399375.9,0
01-10-2025,SKU-034,Electronics Product 34,Electronics,2135.7,4,25,0,147,171,3,204,177,365204.7,0
01-11-2025,SKU-034,Electronics Product 34,Electronics,2135.7,4,25,0,250,169,1,190,270,360933.3,0
01-12-2025,SKU-034,Electronics Product 34,Electronics,2135.7,4,25,0,261,188,2,214,285,401511.6,0
01-01-2024,SKU-035,Home Product 35,Home & Kitchen,1522.95,14,53,0,117,170,6,176,117,258901.5,0
01-02-2024,SKU-035,Home Product 35,Home & Kitchen,1522.95,14,53,0,248,178,3,187,254,271085.1,0
01-03-2024,SKU-035,Home Product 35,Home & Kitchen,1522.95,14,53,0,302,217,2,243,326,330480.15,0
01-04-2024,SKU-035,Home Product 35,Home & Kitchen,1522.95,14,53,1,224,236,3,229,214,359416.2,0
01-05-2024,SKU-035,Home Product 35,Home & Kitchen,1522.95,14,53,0,317,244,2,249,320,371599.8,0
01-06-2024,SKU-035,Home Product 35,Home & Kitchen,1522.95,14,53,0,282,198,3,204,285,301544.1,0
01-07-2024,SKU-035,Home Product 35,Home & Kitchen,1522.95,14,53,0,130,164,1,191,156,249763.8,0
01-08-2024,SKU-035,Home Product 35,Home & Kitchen,1522.95,14,53,0,218,153,2,153,216,233011.35,0
01-09-2024,SKU-035,Home Product 35,Home & Kitchen,1522.95,14,53,0,121,127,3,151,142,193414.65,0
01-10-2024,SKU-035,Home Product 35,Home & Kitchen,1522.95,14,53,0,162,106,1,100,155,161432.7,0
01-11-2024,SKU-035,Home Product 35,Home & Kitchen,1522.95,14,53,0,78,142,6,132,62,216258.9,0
01-12-2024,SKU-035,Home Product 35,Home & Kitchen,1522.95,14,53,0,52,120,1,134,65,182754,0
01-01-2025,SKU-035,Home Product 35,Home & Kitchen,1522.95,14,53,0,250,178,1,189,260,271085.1,0
01-02-2025,SKU-035,Home Product 35,Home & Kitchen,1522.95,14,53,1,193,218,3,236,208,332003.1,0
01-03-2025,SKU-035,Home Product 35,Home & Kitchen,1522.95,14,53,0,83,172,4,182,89,261947.4,0
01-04-2025,SKU-035,Home Product 35,Home & Kitchen,1522.95,14,53,1,119,217,8,229,123,330480.15,0
01-05-2025,SKU-035,Home Product 35,Home & Kitchen,1522.95,14,53,0,258,261,0,250,247,397489.95,0
01-06-2025,SKU-035,Home Product 35,Home & Kitchen,1522.95,14,53,1,137,208,4,212,137,316773.6,0
01-07-2025,SKU-035,Home Product 35,Home & Kitchen,1522.95,14,53,1,247,185,0,178,240,281745.75,0
01-08-2025,SKU-035,Home Product 35,Home & Kitchen,1522.95,14,53,0,53,130,0,135,58,197983.5,0
01-09-2025,SKU-035,Home Product 35,Home & Kitchen,1522.95,14,53,0,199,141,3,160,215,214735.95,0
01-10-2025,SKU-035,Home Product 35,Home & Kitchen,1522.95,14,53,0,173,136,1,156,192,207121.2,0
01-11-2025,SKU-035,Home Product 35,Home & Kitchen,1522.95,14,53,1,228,143,2,131,214,217781.85,0
01-12-2025,SKU-035,Home Product 35,Home & Kitchen,1522.95,14,53,0,67,137,5,123,48,208644.15,0
01-01-2024,SKU-036,Office Product 36,Office Supplies,228.45,3,33,0,94,137,3,150,104,31297.65,0
01-02-2024,SKU-036,Office Product 36,Office Supplies,228.45,3,33,0,67,157,3,153,60,35866.65,0
01-03-2024,SKU-036,Office Product 36,Office Supplies,228.45,3,33,0,92,171,4,195,112,39064.95,0
01-04-2024,SKU-036,Office Product 36,Office Supplies,228.45,3,33,0,182,157,3,149,171,35866.65,0
01-05-2024,SKU-036,Office Product 36,Office Supplies,228.45,3,33,1,150,202,6,225,167,46146.9,0
01-06-2024,SKU-036,Office Product 36,Office Supplies,228.45,3,33,0,175,154,1,170,190,35181.3,0
01-07-2024,SKU-036,Office Product 36,Office Supplies,228.45,3,33,0,240,162,0,183,261,37008.9,0
01-08-2024,SKU-036,Office Product 36,Office Supplies,228.45,3,33,0,131,136,2,143,136,31069.2,0
01-09-2024,SKU-036,Office Product 36,Office Supplies,228.45,3,33,0,58,124,0,134,68,28327.8,0
01-10-2024,SKU-036,Office Product 36,Office Supplies,228.45,3,33,0,107,140,3,134,98,31983,0
01-11-2024,SKU-036,Office Product 36,Office Supplies,228.45,3,33,0,197,153,3,153,194,34952.85,0
01-12-2024,SKU-036,Office Product 36,Office Supplies,228.45,3,33,0,177,157,4,162,178,35866.65,0
01-01-2025,SKU-036,Office Product 36,Office Supplies,228.45,3,33,0,135,189,3,198,141,43177.05,0
01-02-2025,SKU-036,Office Product 36,Office Supplies,228.45,3,33,0,148,160,2,153,139,36552,0
01-03-2025,SKU-036,Office Product 36,Office Supplies,228.45,3,33,0,237,222,2,248,261,50715.9,0
01-04-2025,SKU-036,Office Product 36,Office Supplies,228.45,3,33,0,247,163,3,150,231,37237.35,0
01-05-2025,SKU-036,Office Product 36,Office Supplies,228.45,3,33,0,194,179,2,205,218,40892.55,0
01-06-2025,SKU-036,Office Product 36,Office Supplies,228.45,3,33,0,290,200,2,195,283,45690,0
01-07-2025,SKU-036,Office Product 36,Office Supplies,228.45,3,33,0,112,173,2,191,128,39521.85,0
01-08-2025,SKU-036,Office Product 36,Office Supplies,228.45,3,33,0,152,156,2,153,147,35638.2,0
01-09-2025,SKU-036,Office Product 36,Office Supplies,228.45,3,33,0,115,172,2,155,96,39293.4,0
01-10-2025,SKU-036,Office Product 36,Office Supplies,228.45,3,33,0,104,130,3,125,96,29698.5,0
01-11-2025,SKU-036,Office Product 36,Office Supplies,228.45,3,33,0,170,137,1,129,161,31297.65,0
01-12-2025,SKU-036,Office Product 36,Office Supplies,228.45,3,33,0,221,165,5,176,227,37694.25,0
01-01-2024,SKU-037,Home Product 37,Home & Kitchen,2033.57,5,32,0,84,91,2,106,97,185054.87,0
01-02-2024,SKU-037,Home Product 37,Home & Kitchen,2033.57,5,32,0,182,114,6,128,190,231826.98,0
01-03-2024,SKU-037,Home Product 37,Home & Kitchen,2033.57,5,32,0,77,127,1,150,99,258263.39,0
01-04-2024,SKU-037,Home Product 37,Home & Kitchen,2033.57,5,32,0,126,113,2,121,132,229793.41,0
01-05-2024,SKU-037,Home Product 37,Home & Kitchen,2033.57,5,32,0,126,125,3,123,121,254196.25,0
01-06-2024,SKU-037,Home Product 37,Home & Kitchen,2033.57,5,32,0,165,121,0,130,174,246061.97,0
01-07-2024,SKU-037,Home Product 37,Home & Kitchen,2033.57,5,32,0,64,88,1,95,70,178954.16,0
01-08-2024,SKU-037,Home Product 37,Home & Kitchen,2033.57,5,32,0,50,91,4,90,45,185054.87,0
01-09-2024,SKU-037,Home Product 37,Home & Kitchen,2033.57,5,32,0,42,68,0,81,55,138282.76,0
01-10-2024,SKU-037,Home Product 37,Home & Kitchen,2033.57,5,32,0,95,83,0,89,101,168786.31,0
01-11-2024,SKU-037,Home Product 37,Home & Kitchen,2033.57,5,32,0,43,93,4,86,32,189122.01,0
01-12-2024,SKU-037,Home Product 37,Home & Kitchen,2033.57,5,32,0,134,88,2,93,137,178954.16,0
01-01-2025,SKU-037,Home Product 37,Home & Kitchen,2033.57,5,32,0,106,104,3,95,94,211491.28,0
01-02-2025,SKU-037,Home Product 37,Home & Kitchen,2033.57,5,32,0,176,116,3,115,172,235894.12,0
01-03-2025,SKU-037,Home Product 37,Home & Kitchen,2033.57,5,32,0,114,103,1,110,120,209457.71,0
01-04-2025,SKU-037,Home Product 37,Home & Kitchen,2033.57,5,32,0,88,115,2,132,103,233860.55,0
01-05-2025,SKU-037,Home Product 37,Home & Kitchen,2033.57,5,32,0,69,131,2,141,77,266397.67,0
01-06-2025,SKU-037,Home Product 37,Home & Kitchen,2033.57,5,32,0,146,101,3,97,139,205390.57,0
01-07-2025,SKU-037,Home Product 37,Home & Kitchen,2033.57,5,32,0,48,84,1,83,46,170819.88,0
01-08-2025,SKU-037,Home Product 37,Home & Kitchen,2033.57,5,32,0,58,74,1,74,57,150484.18,0
01-09-2025,SKU-037,Home Product 37,Home & Kitchen,2033.57,5,32,0,24,59,1,53,17,119980.63,0
01-10-2025,SKU-037,Home Product 37,Home & Kitchen,2033.57,5,32,0,35,68,2,80,45,138282.76,0
01-11-2025,SKU-037,Home Product 37,Home & Kitchen,2033.57,5,32,0,121,93,1,106,133,189122.01,0
01-12-2025,SKU-037,Home Product 37,Home & Kitchen,2033.57,5,32,0,103,76,0,71,98,154551.32,0
01-01-2024,SKU-038,Office Product 38,Office Supplies,2158.4,9,45,0,266,176,4,161,247,379878.4,0
01-02-2024,SKU-038,Office Product 38,Office Supplies,2158.4,9,45,0,348,242,4,276,378,522332.8,0
01-03-2024,SKU-038,Office Product 38,Office Supplies,2158.4,9,45,0,259,278,6,254,229,600035.2,0
01-04-2024,SKU-038,Office Product 38,Office Supplies,2158.4,9,45,0,120,247,5,222,90,533124.8,0
01-05-2024,SKU-038,Office Product 38,Office Supplies,2158.4,9,45,0,243,208,2,242,275,448947.2,0
01-06-2024,SKU-038,Office Product 38,Office Supplies,2158.4,9,45,0,352,232,3,276,393,500748.8,0
01-07-2024,SKU-038,Office Product 38,Office Supplies,2158.4,9,45,0,276,236,4,253,289,509382.4,0
01-08-2024,SKU-038,Office Product 38,Office Supplies,2158.4,9,45,0,134,163,1,165,135,351819.2,0
01-09-2024,SKU-038,Office Product 38,Office Supplies,2158.4,9,45,0,74,167,3,194,98,360452.8,0
01-10-2024,SKU-038,Office Product 38,Office Supplies,2158.4,9,45,0,176,199,5,232,204,429521.6,0
01-11-2024,SKU-038,Office Product 38,Office Supplies,2158.4,9,45,0,224,183,2,184,223,394987.2,0
01-12-2024,SKU-038,Office Product 38,Office Supplies,2158.4,9,45,0,134,192,2,211,151,414412.8,0
01-01-2025,SKU-038,Office Product 38,Office Supplies,2158.4,9,45,0,308,208,1,189,288,448947.2,0
01-02-2025,SKU-038,Office Product 38,Office Supplies,2158.4,9,45,0,235,190,3,219,261,410096,0
01-03-2025,SKU-038,Office Product 38,Office Supplies,2158.4,9,45,0,326,238,1,214,301,513699.2,0
01-04-2025,SKU-038,Office Product 38,Office Supplies,2158.4,9,45,0,256,231,6,226,245,498590.4,0
01-05-2025,SKU-038,Office Product 38,Office Supplies,2158.4,9,45,0,175,241,5,250,179,520174.4,0
01-06-2025,SKU-038,Office Product 38,Office Supplies,2158.4,9,45,0,154,209,4,189,130,451105.6,0
01-07-2025,SKU-038,Office Product 38,Office Supplies,2158.4,9,45,0,190,186,2,218,220,401462.4,0
01-08-2025,SKU-038,Office Product 38,Office Supplies,2158.4,9,45,0,152,229,0,272,195,494273.6,0
01-09-2025,SKU-038,Office Product 38,Office Supplies,2158.4,9,45,0,156,176,0,172,152,379878.4,0
01-10-2025,SKU-038,Office Product 38,Office Supplies,2158.4,9,45,0,192,187,1,201,205,403620.8,0
01-11-2025,SKU-038,Office Product 38,Office Supplies,2158.4,9,45,0,160,205,1,203,157,442472,0
01-12-2025,SKU-038,Office Product 38,Office Supplies,2158.4,9,45,0,296,186,3,223,330,401462.4,0
01-01-2024,SKU-039,Electronics Product 39,Electronics,148.22,11,24,0,156,105,2,110,159,15563.1,0
01-02-2024,SKU-039,Electronics Product 39,Electronics,148.22,11,24,0,90,83,0,91,98,12302.26,0
01-03-2024,SKU-039,Electronics Product 39,Electronics,148.22,11,24,0,68,93,2,85,58,13784.46,0
01-04-2024,SKU-039,Electronics Product 39,Electronics,148.22,11,24,0,97,81,1,84,99,12005.82,0
01-05-2024,SKU-039,Electronics Product 39,Electronics,148.22,11,24,0,62,111,3,131,79,16452.42,0
01-06-2024,SKU-039,Electronics Product 39,Electronics,148.22,11,24,0,116,89,1,99,125,13191.58,0
01-07-2024,SKU-039,Electronics Product 39,Electronics,148.22,11,24,0,160,109,1,129,179,16155.98,0
01-08-2024,SKU-039,Electronics Product 39,Electronics,148.22,11,24,0,81,74,2,73,78,10968.28,0
01-09-2024,SKU-039,Electronics Product 39,Electronics,148.22,11,24,0,94,100,2,115,107,14822,0
01-10-2024,SKU-039,Electronics Product 39,Electronics,148.22,11,24,0,101,69,0,72,104,10227.18,0
01-11-2024,SKU-039,Electronics Product 39,Electronics,148.22,11,24,0,53,78,3,81,53,11561.16,0
01-12-2024,SKU-039,Electronics Product 39,Electronics,148.22,11,24,0,95,86,2,101,108,12746.92,0
01-01-2025,SKU-039,Electronics Product 39,Electronics,148.22,11,24,0,155,113,2,107,147,16748.86,0
01-02-2025,SKU-039,Electronics Product 39,Electronics,148.22,11,24,0,136,90,0,101,147,13339.8,0
01-03-2025,SKU-039,Electronics Product 39,Electronics,148.22,11,24,1,57,93,1,109,72,13784.46,0
01-04-2025,SKU-039,Electronics Product 39,Electronics,148.22,11,24,0,83,88,1,100,94,13043.36,0
01-05-2025,SKU-039,Electronics Product 39,Electronics,148.22,11,24,0,99,92,0,99,106,13636.24,0
01-06-2025,SKU-039,Electronics Product 39,Electronics,148.22,11,24,0,53,70,3,65,45,10375.4,0
01-07-2025,SKU-039,Electronics Product 39,Electronics,148.22,11,24,0,67,84,1,89,71,12450.48,0
01-08-2025,SKU-039,Electronics Product 39,Electronics,148.22,11,24,0,123,83,3,95,132,12302.26,0
01-09-2025,SKU-039,Electronics Product 39,Electronics,148.22,11,24,0,90,63,0,69,96,9337.86,0
01-10-2025,SKU-039,Electronics Product 39,Electronics,148.22,11,24,0,65,83,3,97,76,12302.26,0
01-11-2025,SKU-039,Electronics Product 39,Electronics,148.22,11,24,0,92,77,0,73,88,11412.94,0
01-12-2025,SKU-039,Electronics Product 39,Electronics,148.22,11,24,0,86,100,1,95,80,14822,0
01-01-2024,SKU-040,Grocery Product 40,Grocery,2412.68,3,21,0,241,166,4,154,225,400504.88,0
01-02-2024,SKU-040,Grocery Product 40,Grocery,2412.68,3,21,0,186,159,7,146,166,383616.12,0
01-03-2024,SKU-040,Grocery Product 40,Grocery,2412.68,3,21,0,221,184,4,186,219,443933.12,0
01-04-2024,SKU-040,Grocery Product 40,Grocery,2412.68,3,21,0,183,197,3,186,169,475297.96,0
01-05-2024,SKU-040,Grocery Product 40,Grocery,2412.68,3,21,0,140,159,2,172,151,383616.12,0
01-06-2024,SKU-040,Grocery Product 40,Grocery,2412.68,3,21,0,188,177,4,189,196,427044.36,0
01-07-2024,SKU-040,Grocery Product 40,Grocery,2412.68,3,21,0,214,188,2,176,200,453583.84,0
01-08-2024,SKU-040,Grocery Product 40,Grocery,2412.68,3,21,0,245,155,3,147,234,373965.4,0
01-09-2024,SKU-040,Grocery Product 40,Grocery,2412.68,3,21,0,154,130,2,127,149,313648.4,0
01-10-2024,SKU-040,Grocery Product 40,Grocery,2412.68,3,21,0,156,154,2,178,178,371552.72,0
01-11-2024,SKU-040,Grocery Product 40,Grocery,2412.68,3,21,0,90,151,2,147,84,364314.68,0
01-12-2024,SKU-040,Grocery Product 40,Grocery,2412.68,3,21,0,208,190,4,218,232,458409.2,0
01-01-2025,SKU-040,Grocery Product 40,Grocery,2412.68,3,21,0,221,175,0,175,221,422219,0
01-02-2025,SKU-040,Grocery Product 40,Grocery,2412.68,3,21,0,231,168,2,188,249,405330.24,0
01-03-2025,SKU-040,Grocery Product 40,Grocery,2412.68,3,21,0,204,201,2,216,217,484948.68,0
01-04-2025,SKU-040,Grocery Product 40,Grocery,2412.68,3,21,0,139,152,1,140,126,366727.36,0
01-05-2025,SKU-040,Grocery Product 40,Grocery,2412.68,3,21,0,160,141,3,131,147,340187.88,0
01-06-2025,SKU-040,Grocery Product 40,Grocery,2412.68,3,21,0,183,178,2,189,192,429457.04,0
01-07-2025,SKU-040,Grocery Product 40,Grocery,2412.68,3,21,0,207,147,1,168,227,354663.96,0
01-08-2025,SKU-040,Grocery Product 40,Grocery,2412.68,3,21,0,252,169,1,153,235,407742.92,0
01-09-2025,SKU-040,Grocery Product 40,Grocery,2412.68,3,21,0,261,178,5,170,248,429457.04,0
01-10-2025,SKU-040,Grocery Product 40,Grocery,2412.68,3,21,0,224,142,2,140,220,342600.56,0
01-11-2025,SKU-040,Grocery Product 40,Grocery,2412.68,3,21,1,192,180,0,210,222,434282.4,0
01-12-2025,SKU-040,Grocery Product 40,Grocery,2412.68,3,21,0,75,177,4,175,69,427044.36,0
